-- phpMyAdmin SQL Dump
-- version 5.2.0
-- https://www.phpmyadmin.net/
--
-- Hôte : localhost
-- Généré le : mer. 15 fév. 2023 à 14:05
-- Version du serveur : 10.4.27-MariaDB
-- Version de PHP : 8.1.12

SET SQL_MODE = "NO_AUTO_VALUE_ON_ZERO";
START TRANSACTION;
SET time_zone = "+00:00";


/*!40101 SET @OLD_CHARACTER_SET_CLIENT=@@CHARACTER_SET_CLIENT */;
/*!40101 SET @OLD_CHARACTER_SET_RESULTS=@@CHARACTER_SET_RESULTS */;
/*!40101 SET @OLD_COLLATION_CONNECTION=@@COLLATION_CONNECTION */;
/*!40101 SET NAMES utf8mb4 */;

--
-- Base de données : `froggy_quiz`
--

-- --------------------------------------------------------

--
-- Structure de la table `answer`
--

CREATE TABLE `answer` (
  `id` int(11) NOT NULL,
  `answer` varchar(255) NOT NULL,
  `question_id` int(11) NOT NULL,
  `is_true` tinyint(4) NOT NULL
) ENGINE=InnoDB DEFAULT CHARSET=utf8 COLLATE=utf8_general_ci;

--
-- Déchargement des données de la table `answer`
--

INSERT INTO `answer` (`id`, `answer`, `question_id`, `is_true`) VALUES
(1, 'Des Serpents  ', 1, 0),
(2, 'Des Oiseaux', 1, 0),
(3, 'Des Guêpes', 1, 1),
(4, 'Des Loups ', 1, 0),
(5, 'Provençal   ', 2, 0),
(6, 'Perciflette', 2, 1),
(7, 'Ducon', 2, 0),
(8, 'Gros faisan', 2, 0),
(9, 'Elle apprend des poèmes sur la nature ', 3, 0),
(10, 'Elle mange de la patte d’amende', 3, 0),
(11, 'Elle pisse par la fenêtre', 3, 1),
(12, 'Elle devient con comme une chaise', 3, 0),
(13, 'Les Combats', 4, 0),
(14, 'La neige', 4, 1),
(15, 'Sa femme', 4, 0),
(16, 'Le Graal', 4, 0),
(17, 'C’est Sans Alcool', 5, 0),
(18, 'A cause des vieux qui tapent sur des bouts de bois', 5, 0),
(19, 'Car il est nul pour faire des blagues   ', 5, 1),
(20, 'Car c’est un week-end thématique et c’est trop long', 5, 0),
(21, 'Car il s’agit d’une promesse faite à sa femme', 6, 0),
(22, 'Car celui qui lui fera manger de la soupe n’est pas encore né', 6, 1),
(23, 'Car il a peur de la petite souris', 6, 0),
(24, 'Car il est chevalier', 6, 0),
(25, 'Les rognons de veau', 7, 1),
(26, 'La langue de boeuf', 7, 0),
(27, 'La Cuisse De Poulet', 7, 0),
(28, 'Les côtelettes d\'agneau', 7, 0),
(29, 'Arrêtez de m\'emmerder', 8, 0),
(30, 'Zuuuuuuut', 8, 0),
(31, 'Non merci', 8, 0),
(32, 'Merde', 8, 1),
(33, 'D’avoir 30 ou 50 artichauts ', 9, 0),
(34, 'Jouer avec des cartes', 9, 0),
(35, 'Doubler sa mise', 9, 0),
(36, 'Les valeurs', 9, 1),
(37, 'Un clafoutis', 10, 0),
(38, 'Un marron', 10, 0),
(39, 'Apprendre le druidisme', 10, 0),
(40, 'Une part de clafoutis', 10, 1),
(41, 'Des voisins curieux', 11, 1),
(42, 'Des hiboux', 11, 0),
(43, 'De Harry', 11, 0),
(44, 'De tout ce qui peut les faire paraitre étrange', 11, 0),
(45, 'Un professeur de Poudlard', 12, 0),
(46, 'Un Mangemort', 12, 0),
(47, 'Un mari d\'Ariana', 12, 0),
(48, 'Aucune de ces proposition', 12, 1),
(49, 'Un surnom donné à Hermione par Ron', 13, 0),
(50, 'Une association créée par Hermione', 13, 1),
(51, 'Un nom donné à la cabane de Hagrid', 13, 0),
(52, 'Une salle secrète dans poudlard', 13, 0),
(53, 'Un Bézoart', 14, 1),
(54, 'Une potion apprise durant le cours de potions', 14, 0),
(55, 'Ce n’est pas lui qui l’a sauvé, c’est slughorn', 14, 0),
(56, 'Un chocolat fourré au filtre d’amour', 14, 0),
(57, 'Le quiddich à travers les âges', 15, 0),
(58, 'Filtres d\'amour à l\'usage des jeunes sorciers désespérés', 15, 0),
(59, 'Douze moyens infaillibles de séduire les sorcières', 15, 1),
(60, 'Bien vivre sa rousseur', 15, 0),
(61, 'Le don d\'Attrapeur', 16, 0),
(62, 'Les cheveux noirs en bataille', 16, 0),
(63, 'Un certain talent pour s’attirer des ennuis', 16, 1),
(64, 'Rien', 16, 0),
(65, 'Parce qu’il haïssait sa moldu de mère', 17, 0),
(66, 'Parce qu’il était né d’amour contrairement à lui', 17, 0),
(67, 'Parce qu’on lui avait rapporté une prophétie disant que Harry,fils de Lilly & James Potter était l’élu qui allait un jour le combattre', 17, 1),
(68, 'Aucune de ces propositions', 17, 0),
(69, 'La chambre des secrets', 18, 1),
(70, 'Le prince de sang Mêlé', 18, 0),
(71, 'L’ordre du phénix', 18, 0),
(72, 'On ne l’entend pas', 18, 0),
(73, 'Rose', 19, 0),
(74, 'Vélane', 19, 0),
(75, 'Gabrielle', 19, 1),
(76, 'Paris', 19, 0),
(77, 'Un Troll', 20, 0),
(78, 'Des Lucioles', 20, 0),
(79, 'Des Vélanes', 20, 1),
(80, 'Des Licorne', 20, 0),
(81, 'Celle de Barty Croupton jr', 21, 0),
(82, 'Celle de Harry', 21, 1),
(83, 'Celle de Winky', 21, 0),
(84, 'Celle de Fol-eil', 21, 0),
(85, 'Pour avoir tué Grindelwalt', 22, 0),
(86, 'Pour avoir séquestré sa fille Ariana, la cracmol', 22, 0),
(87, 'Pour s’être vengé des moldus qui ont persécuté Ariana', 22, 1),
(88, 'Pour avoir tué sa femme', 22, 0),
(89, 'Un ancien directeur', 23, 0),
(90, 'Un jeune ami de Harry et Ron', 23, 0),
(91, 'Un vendeur de glaces du chemin de traverse', 23, 0),
(92, 'Aucune de ces propositions', 23, 1),
(93, '1', 24, 0),
(94, '2', 24, 0),
(95, '3', 24, 1),
(96, 'Dans les cachots', 24, 0),
(97, 'Dans une grotte près de l’orphelinat de Tom Jedusor', 25, 0),
(98, 'Dans les décombres de la maison du grand père de Tom Jedusor', 25, 1),
(99, 'Dans la chambre des secrets', 25, 0),
(100, 'Chez Barjow et Burk', 25, 0),
(101, 'Les reliques de la mort', 26, 0),
(102, 'Le prince de Sang Mêlé', 26, 0),
(103, 'La chambre des secrets', 26, 1),
(104, 'La coupe de feu', 26, 0),
(105, 'Un mangemort fidèle jusqu’au bout', 27, 0),
(106, 'Le maître vénéré de Kreattur', 27, 1),
(107, 'Le voisin de Sirius quand il était petit', 27, 0),
(108, 'On ne sait pas', 27, 0),
(109, 'Le fantôme de Griffondor', 28, 0),
(110, 'Un amis de Peeves', 28, 0),
(111, 'Le fantôme du meurtrier de Helena Serdaigle', 28, 1),
(112, 'Aucune de ces propositions', 28, 0),
(113, 'Vie et Mensonges d’Albus Dumbledore', 29, 1),
(114, 'Dumbledore, l’imposteur', 29, 0),
(115, 'Qui était Dumbledore ?', 29, 0),
(116, 'La face cachée d\'Albus', 29, 0),
(117, 'Rien, ce qui compte c’est qu’on soit bon', 30, 0),
(118, 'Que tout serait acceptable sauf Serpentard', 30, 1),
(119, 'Qu’il ferait jouer ses relations pour l’y transférer', 30, 0),
(120, 'Qu’il la déshériterait', 30, 0),
(121, '1983', 31, 0),
(122, '1985', 31, 0),
(123, '1987', 31, 1),
(124, '1989', 31, 0),
(125, 'Dorothée, Annie, Corbier et Jeremy', 32, 0),
(126, 'Dorothée, Arianne, Corbier et Jacky', 32, 1),
(127, 'Dorothée, Arianne et Framboisier', 32, 0),
(128, 'Dorothée, Samantha, Jean et Paul', 32, 0),
(129, 'Les Minipousses', 33, 0),
(130, 'Les Snorky', 33, 0),
(131, 'Les Popples', 33, 0),
(132, 'Les Bisounours', 33, 1),
(133, 'BCBG', 34, 1),
(134, 'Mon petit Poney', 34, 0),
(135, 'Jem et les Hollogrammes', 34, 0),
(136, 'Albator', 34, 0),
(137, 'Les princes des nenuphars', 35, 0),
(138, 'Le prince de la forêt', 35, 0),
(139, 'Le prince des collines', 35, 1),
(140, 'Le prince des roses', 35, 0),
(141, 'Les starlions', 36, 0),
(142, 'Les pantéros', 36, 0),
(143, 'Les chats volants', 36, 0),
(144, 'Les Cosmocats', 36, 1),
(145, 'Chichi', 37, 1),
(146, 'Chacha', 37, 0),
(147, 'Chouchou', 37, 0),
(148, 'Bulma', 37, 0),
(149, 'Bioman', 38, 0),
(150, 'Power Rangers', 38, 0),
(151, 'Goldorak', 38, 1),
(152, 'Dragon Ball', 38, 0),
(153, 'Ulysse 31', 39, 0),
(154, 'Jayce, conquérant de la lumière', 39, 1),
(155, 'San Goku', 39, 0),
(156, 'Albert, le cinquième mousquetaire', 39, 0),
(157, 'Hercule', 40, 0),
(158, 'Mathieu', 40, 0),
(159, 'Anthony', 40, 0),
(160, 'Serge', 40, 1),
(161, 'Ranma', 41, 1),
(162, 'Lamu', 41, 0),
(163, 'Jem', 41, 0),
(164, 'Creamy', 41, 0),
(165, 'Charlie', 42, 1),
(166, 'Jean', 42, 0),
(167, 'Arthur', 42, 0),
(168, 'Edward', 42, 0),
(169, 'En Afrique', 43, 0),
(170, 'Au Japon', 43, 1),
(171, 'En France', 43, 0),
(172, 'En Amérique', 43, 0),
(173, 'Détective privé', 44, 0),
(174, 'Garde du corps', 44, 0),
(175, 'Policier', 44, 0),
(176, 'Détective privé et garde du corps', 44, 1),
(177, 'Ce sont des êtres cybernétiques à l’armure d’oiseaux', 45, 1),
(178, 'Ce sont des oiseaux', 45, 0),
(179, 'Ce sont des pilotes de course', 45, 0),
(180, 'Ce sont des criminels', 45, 0),
(181, 'Le Basket', 46, 0),
(182, 'Le rugby', 46, 0),
(183, 'Le foot', 46, 1),
(184, 'Le Volley', 46, 0),
(185, 'A l’huile', 47, 1),
(186, 'Allo', 47, 0),
(187, 'Bonjour', 47, 0),
(188, 'Salut', 47, 0),
(189, 'Croc-Blanc', 48, 0),
(190, 'Snoopy', 48, 0),
(191, 'Drogon', 48, 0),
(192, 'Fantôme', 48, 1),
(193, 'Qarth', 49, 0),
(194, 'Pentos', 49, 0),
(195, 'Volantis', 49, 1),
(196, 'Accalmie', 49, 0),
(197, 'La porte du Ciel', 50, 0),
(198, 'La porte du Grand saut', 50, 0),
(199, 'La porte de la Mort', 50, 0),
(200, 'La porte de la Lune', 50, 1),
(201, 'Un cheval blanc', 51, 1),
(202, 'Un dragon blanc', 51, 0),
(203, 'Une couronne blanche', 51, 0),
(204, 'Une robe blanche', 51, 0),
(205, 'Il est tombé de son lit après une nuit de beuverie', 52, 0),
(206, 'Il a été blessé pendant la bataille de la Néra', 52, 1),
(207, 'Il a été blessé lors d\'un séjour au-delà du Mur', 52, 0),
(208, 'Il a été frappé par Gregor Clegane, alias ‘La Montagne’', 52, 0),
(209, 'Euron Greyjoy', 53, 0),
(210, 'Yara Greyjoy', 53, 0),
(211, 'Theon Greyjoy', 53, 0),
(212, 'Baelor Greyjoy', 53, 1),
(213, 'Le pic des Anciens Dieux', 54, 0),
(214, 'La tête de l’Ours', 54, 0),
(215, 'Le poing des Premiers Hommes', 54, 1),
(216, 'Quart-Torrhen', 54, 0),
(217, 'Découpe-rebelle', 55, 0),
(218, 'Pleurs-de-veuve', 55, 0),
(219, 'Grand-griffe', 55, 0),
(220, 'Mange-cœur', 55, 1),
(221, 'Ramsay Bolton', 56, 0),
(222, 'Roose Bolton', 56, 1),
(223, 'Walder Frey', 56, 0),
(224, 'Walder Rivers', 56, 0),
(225, 'Joren', 57, 0),
(226, 'Joguen', 57, 0),
(227, 'Jojen', 57, 1),
(228, 'Johen', 57, 0),
(229, 'Hizdahr zo Loraq', 58, 0),
(230, 'Xaro Xhoan Daxos', 58, 0),
(231, 'Viserys Targaryen', 58, 1),
(232, 'Khal Drogo', 58, 0),
(233, 'The Kills', 59, 0),
(234, 'Florence + The Machine', 59, 0),
(235, 'Imagine Dragons', 59, 0),
(236, 'The National', 59, 1),
(237, 'A Port-Réal', 60, 0),
(238, 'A Pentos', 60, 0),
(239, 'A Peyredragon', 60, 1),
(240, 'Sur un bateau', 60, 0),
(241, 'Rhaegal et Viserys', 61, 0),
(242, 'Viseryon et Aerys', 61, 0),
(243, 'Rhaegar et Viserys', 61, 1),
(244, 'Aegon et Aerys', 61, 0),
(245, 'Je rugis !', 62, 1),
(246, 'Un Lannister paie toujours ses dettes', 62, 0),
(247, 'Dorés comme jamais', 62, 0),
(248, 'Lion d’or, griffes dehors', 62, 0),
(249, 'Les frissons de Pentos', 63, 0),
(250, 'L’étrangleur', 63, 1),
(251, 'Les larmes de Lys', 63, 0),
(252, 'Le feu des dragons', 63, 0),
(253, 'Sansa', 64, 0),
(254, 'Joffrey', 64, 0),
(255, 'Ned Stark', 64, 1),
(256, 'Ilyn Payne, le bourreau des Lannister', 64, 0),
(257, 'A cause de sa mère qui la lui a transmise par haine', 65, 0),
(258, 'A cause d’un chat infecté', 65, 0),
(259, 'A cause d\'un oignon de Ser Davos', 65, 0),
(260, 'A cause d’une poupée infectée', 65, 1),
(261, 'Parce qu’il lui a désobéi', 66, 0),
(262, 'Parce qu’il refuse de vénérer le dieu R’hllor', 66, 0),
(263, 'Parce qu’il a un passé de contrebandier', 66, 1),
(264, 'Parce qu’il servait les Targaryen autrefois', 66, 0),
(265, 'A Tyrion Lannister', 67, 0),
(266, 'A Arya Stark', 67, 0),
(267, 'A Joffrey Baratheon', 67, 0),
(268, 'A Littlefinger', 67, 1),
(269, 'Quand les poules auront des dents', 68, 0),
(270, 'Quand le soleil se lèvera à l’est et se couchera à l\'ouest, quand les mers recouvriront la terre et quand les montagnes s’écrouleront', 68, 0),
(271, 'Quand le soleil se lèvera à l\'ouest et se couchera à l\'est, quand les mers s\'assécheront et quand les montagnes s\'envoleront dans le vent comme des feuilles', 68, 1),
(272, 'Quand Daenerys se sacrifiera pour lui', 68, 0),
(273, 'Ed Sheeran', 69, 1),
(274, 'Elton John', 69, 0),
(275, 'Drak', 69, 0),
(276, 'Bilal Hassani', 69, 0),
(277, 'Robert Baratheon', 70, 1),
(278, 'Ned Stark', 70, 0),
(279, 'Cersei Lannister', 70, 0),
(280, 'Aerys II', 70, 0),
(281, 'Les Lannister', 71, 0),
(282, 'Les Baratheon', 71, 0),
(283, 'Les Stark', 71, 1),
(284, 'Les Tully', 71, 0),
(285, 'Pour que Walder Frey le laisse traverser son pont', 72, 1),
(286, 'Pour que Walder Frey engage son armée dans la guerre contre Joffrey', 72, 0),
(287, 'Parce que Robb est amoureux d’elle', 72, 0),
(288, 'Parce que le père de Robb, Ned Stark, avait conclu un accord secret sur ce point avant de mourir', 72, 0),
(289, 'Balerion, Xerxès et Viserys', 73, 0),
(290, 'Drogon, Rhaegal et Dracarys', 73, 0),
(291, 'Rhaegal, Viserion et Drogon', 73, 1),
(292, 'Drogon, Rhaegal et Dracula', 73, 0),
(293, 'Le dothraki', 74, 0),
(294, 'La langue commune de Westeros', 74, 0),
(295, 'Le haut valyrien', 74, 1),
(296, 'Le Nathien', 74, 0),
(297, 'L’île aux Ours', 75, 1),
(298, 'L’île des Vents', 75, 0),
(299, 'Dorne', 75, 0),
(300, 'L’île des Crabes', 75, 0),
(301, 'Illyrio Mopatis', 76, 0),
(302, 'Ned Stark', 76, 0),
(303, 'Jorah Mormont', 76, 1),
(304, 'Son frère Viserys', 76, 0),
(305, 'La nuit de noces de Sansa', 77, 1),
(306, 'La bataille des bâtards', 77, 0),
(307, 'La séance de torture de Theon Greyjoy', 77, 0),
(308, 'La mort de Bran, l’enfant handicapé des Stark', 77, 0),
(309, 'The Iron Throne', 78, 0),
(310, 'A Dance with the Dragons', 78, 0),
(311, 'The Battle of Westeros', 78, 0),
(312, 'A Song of Ice and Fire', 78, 1),
(313, 'Féroce', 79, 0),
(314, 'Féale', 79, 1),
(315, 'Griffe d’or', 79, 0),
(316, 'Régicide', 79, 0),
(317, '3', 80, 0),
(318, '4', 80, 0),
(319, '5', 80, 1),
(320, '6', 80, 0),
(321, 'Tu ne m’auras pas', 81, 0),
(322, 'Va te faire voir à Astapor', 81, 0),
(323, 'Pas aujourd’hui', 81, 1),
(324, 'Reviens demain', 81, 0),
(325, 'Ed Sheeran', 82, 0),
(326, 'Sigur Ros', 82, 1),
(327, 'Of Monsters and Men', 82, 0),
(328, 'Mastodon', 82, 0),
(329, '3', 83, 0),
(330, '4', 83, 0),
(331, '5', 83, 1),
(332, '6', 83, 0),
(333, 'Illyrio Mopatis', 84, 1),
(334, 'Jorah Mormont', 84, 0),
(335, 'Khal Drogo', 84, 0),
(336, 'Un marchand dont on ne connaît pas le nom', 84, 0),
(337, 'Northos et Southos', 85, 0),
(338, 'Westeros et Essos', 85, 1),
(339, 'Northos et Estos', 85, 0),
(340, 'Westos et Southos', 85, 0),
(341, 'Locke', 86, 1),
(342, 'Le Limier', 86, 0),
(343, 'Catelyn Stark', 86, 0),
(344, 'Le titilleur', 86, 0),
(345, 'Parce qu’ils aimaient la même femme', 87, 0),
(346, 'Parce que leur mère est morte en mettant le plus jeune au monde', 87, 0),
(347, 'Parce que Gregor a brûlé et défiguré Sandor enfant', 87, 1),
(348, 'Parce qu’ils ont été élevés par des loups', 87, 0),
(349, '3 pour les hommes, 7 pour les elfes, 9 pour les nains', 88, 0),
(350, '3 pour les elfes, 7 pour les nains, 9 pour les hommes', 88, 1),
(351, '3 pour les nains, 7 pour les hommes, 9 pour les elfes', 88, 0),
(352, '5 pour les elfes, 8 pour les nains, 24 pour les hommes', 88, 0),
(353, '300 ans', 89, 0),
(354, '500 ans', 89, 1),
(355, '700 ans', 89, 0),
(356, '900 ans', 89, 0),
(357, 'Interdit sauf affaire concernant la fête', 90, 1),
(358, 'Interdit aux moins de 18 ans', 90, 0),
(359, 'Réservé aux organisateurs de l’anniversaire', 90, 0),
(360, 'Essuyez-vous les pieds avant d’entrer', 90, 0),
(361, 'Le dragon vert', 91, 0),
(362, 'La feuille de Longoulet', 91, 0),
(363, 'Le vieux Tobby', 91, 1),
(364, 'L’écorce Rouge', 91, 0),
(365, 'Meregrin Brandevon et Periadin Toque', 92, 0),
(366, 'Merridon Brandetouque et Pirigrin Bouque', 92, 0),
(367, 'Meriadoc Brandebouc et Peregin Touque', 92, 1),
(368, 'Meradin Brandegrain et Peregron Tique', 92, 0),
(369, '81 ans', 93, 0),
(370, '101 ans', 93, 0),
(371, '111 ans', 93, 1),
(372, '131 ans', 93, 0),
(373, 'Le père Magloire', 94, 0),
(374, 'Le père Magotte', 94, 1),
(375, 'Le père Macleesh', 94, 0),
(376, 'Le père Mabuse', 94, 0),
(377, 'L’auberge du cheval Fatigué', 95, 0),
(378, 'L’auberge du Vif Palefroi', 95, 0),
(379, 'L’auberge de la jument Fougueuse', 95, 0),
(380, 'L’auberge du Poney Fringant', 95, 1),
(381, 'Le 15 janvier', 96, 0),
(382, 'Le 12 mai', 96, 0),
(383, 'Le 24 octobre', 96, 1),
(384, 'Le 4 décembre', 96, 0),
(385, 'Narsil', 97, 1),
(386, 'Anduril', 97, 0),
(387, 'Gondolin', 97, 0),
(388, 'Valinor', 97, 0),
(389, 'Même la plus grande armée ne pourrait y entrer', 98, 0),
(390, 'Même un million de soldats n’y changerait rien', 98, 0),
(391, 'Même 10 000 hommes n’en viendraient pas à bout', 98, 1),
(392, 'Même les meilleurs guerriers y seraient vaincus', 98, 0),
(393, 'Elle ne peut blesser un allié', 99, 0),
(394, 'Elle devient bleue lorsque les Orques approchent', 99, 1),
(395, 'Elle vibre en présence d’un traitre', 99, 0),
(396, 'Elle transforme les Trolls en statues de pierre', 99, 0),
(397, 'La trouée du Rohan', 100, 0),
(398, 'La forêt de Fangorn', 100, 0),
(399, 'Le marais des morts', 100, 0),
(400, 'Le col de Caradhras', 100, 1),
(401, 'Tracer le mot « ami » sur la roche', 101, 0),
(402, 'Discuter devant entre amis', 101, 0),
(403, 'Prononcer le mot « ami » en elfique', 101, 1),
(404, 'Utiliser l’appel à un ami', 101, 0),
(405, 'Gandalf', 102, 0),
(406, 'Aragorn', 102, 0),
(407, 'Legolas', 102, 1),
(408, 'Boromir', 102, 0),
(409, 'Suivre son flair', 103, 1),
(410, 'Ecouter son instinct', 103, 0),
(411, 'Faire confiance à ses intuitions', 103, 0),
(412, 'Tourner à droite', 103, 0),
(413, 'Aragon, en lui plantant une lance dans le ventre', 104, 0),
(414, 'Gandalf, en utilisant un enchantement', 104, 0),
(415, 'Gimli, en lui tranchant la tête d’un coup de hache', 104, 0),
(416, 'Legolas, en lui tirant une flèche dans la gorge', 104, 1),
(417, 'Flamboyant envoyé de Valinor', 105, 0),
(418, 'Détenteur de la flamme d’Anor', 105, 1),
(419, 'Magicien de l’arbre Blanc', 105, 0),
(420, 'Gardien de l’Ordre des Istari', 105, 0),
(421, 'Une dague', 106, 0),
(422, 'Une corde', 106, 1),
(423, 'Une outre', 106, 0),
(424, 'Une fiole', 106, 0),
(425, '2 flèches', 107, 0),
(426, '3 flèches', 107, 1),
(427, '4 flèches', 107, 0),
(428, '5 flèches', 107, 0),
(429, 'Les démoniaques', 108, 0),
(430, 'Les Bobcats', 108, 0),
(431, 'Les Wildcatd', 108, 0),
(432, 'Les minotaures', 108, 1),
(433, 'Pas avant 2 jours', 109, 1),
(434, 'Pas avant 3 jours', 109, 0),
(435, 'Pas avant 7 jours', 109, 0),
(436, 'Pas avant 1 mois', 109, 0),
(437, 'Francisca, Renee, Marjory, Daisy', 110, 0),
(438, 'Francesca, Rodney, Marjory, Drew', 110, 0),
(439, 'Francesca, Renee, Mallory, Daisy', 110, 1),
(440, 'Fran, Rodney, Maggie, Donnie', 110, 0),
(441, 'La moto de leur oncle', 111, 0),
(442, 'La voiture de leur père', 111, 0),
(443, 'La voiturette électrique de leur grand père', 111, 1),
(444, 'Le quad de leur oncle', 111, 0),
(445, 'Le lac des cygnes', 112, 0),
(446, 'Le french cancan', 112, 1),
(447, 'La chevauchée des Walkyries', 112, 0),
(448, 'Les quatres saisons', 112, 0),
(449, 'Eric Hansen', 113, 0),
(450, 'Edwin Spangler', 113, 0),
(451, 'Stanley Win', 113, 0),
(452, 'Lionel Herkabe', 113, 1),
(453, 'Au cambodge', 114, 0),
(454, 'Au japon', 114, 0),
(455, 'Au vietnam', 114, 0),
(456, 'En chine', 114, 1),
(457, 'Capucain', 115, 0),
(458, 'Oliver', 115, 1),
(459, 'Capumain', 115, 0),
(460, 'Caramel', 115, 0),
(461, 'Nikki', 116, 0),
(462, 'Jessica', 116, 0),
(463, 'Polly', 116, 0),
(464, 'Cynthia', 116, 1),
(465, 'En Alaska', 117, 1),
(466, 'Au vietnam', 117, 0),
(467, 'Dans un ranch au texas', 117, 0),
(468, 'Il rentre à la maison', 117, 0),
(469, 'Christopher Kennedy Masterson', 118, 0),
(470, 'Justin Berfield', 118, 0),
(471, 'Frankie Muniz', 118, 1),
(472, 'Erik Per Sullivan', 118, 0),
(473, 'Lionel', 119, 0),
(474, 'Craig', 119, 0),
(475, 'Abe', 119, 1),
(476, 'Otto', 119, 0),
(477, 'Bonnaroo', 120, 0),
(478, 'Burning Man', 120, 1),
(479, 'Hell FestHell Fest', 120, 0),
(480, 'Coachella', 120, 0),
(481, 'Malcolm a triché pour rentrer à Harvard', 121, 0),
(482, 'Elle a un cancer', 121, 0),
(483, 'Elle est à nouveau enceinte', 121, 1),
(484, 'Hal la trompe', 121, 0),
(485, '121', 122, 0),
(486, '129', 122, 0),
(487, '151', 122, 1),
(488, '159', 122, 0),
(489, 'Wilkerson', 123, 1),
(490, 'Martins', 123, 0),
(491, 'Miller', 123, 0),
(492, 'Walker', 123, 0),
(493, '8 ans', 124, 0),
(494, '9ans', 124, 0),
(495, '10 ans', 124, 1),
(496, '11ans', 124, 0),
(497, '7.46 millions', 125, 1),
(498, '23.12 millions', 125, 0),
(499, '6.78 millions', 125, 0),
(500, '25.32 millions', 125, 0),
(501, 'Georges', 126, 0),
(502, 'Bernard', 126, 1),
(503, 'Andrée', 126, 0),
(504, 'Thierry', 126, 0),
(505, 'Johny', 127, 0),
(506, 'Jamie', 127, 1),
(507, 'Jessy', 127, 0),
(508, 'John', 127, 0),
(509, 'Linwood BOOMER', 128, 1),
(510, 'Ron GALELLA', 128, 0),
(511, 'Timothy WHITE', 128, 0),
(512, 'Michael TRAN', 128, 0),
(513, 'La petite maison dans la prairie', 129, 1),
(514, 'MacGyver', 129, 0),
(515, 'K2000', 129, 0),
(516, 'Code Quantum', 129, 0),
(517, 'Malcolm, Reese, Dewey', 130, 0),
(518, 'Malcom, Hal, Dewey', 130, 0),
(519, 'Reese, Dewey, Hal', 130, 0),
(520, 'Hal, Malcolm, Reese', 130, 0),
(521, 'Skyview', 131, 0),
(522, 'Fairview', 131, 1),
(523, 'Pastview', 131, 0),
(524, 'Clearview', 131, 0),
(525, 'John Rowland', 132, 1),
(526, 'Matthew Applewhite', 132, 0),
(527, 'Rick Coletti', 132, 0),
(528, 'Micke Delfino', 132, 0),
(529, 'Célia', 133, 0),
(530, 'Juanita', 133, 0),
(531, 'Paquita', 133, 0),
(532, 'Rosa', 133, 0),
(533, 'Rex', 134, 0),
(534, 'Andrew', 134, 1),
(535, 'Carlos', 134, 0),
(536, 'Gaby', 134, 0),
(537, 'Bree Van De Kamp', 135, 0),
(538, 'Mary Alice Strong', 135, 1),
(539, 'Félicia Tilman', 135, 0),
(540, 'Edith Britt', 135, 0),
(545, 'Felicity Huffman', 137, 0),
(546, 'Teri Hatcher', 137, 0),
(547, 'Maria Cross', 137, 1),
(548, 'Kathryn Joosten', 137, 0),
(549, '1992', 138, 0),
(550, '1994', 138, 1),
(551, '1996', 138, 0),
(552, '1998', 138, 0),
(553, 'Cruela', 139, 0),
(554, 'Drucila', 139, 0),
(555, 'Ursula', 139, 1),
(556, 'Elvira', 139, 0),
(557, 'Maria', 140, 0),
(558, 'Muriel', 140, 1),
(559, 'Benedict', 140, 0),
(560, 'Line', 140, 0),
(561, 'Pomme', 141, 0),
(562, 'Papaye', 141, 0),
(563, 'Kiwi', 141, 1),
(564, 'Noix de Coco', 141, 0),
(565, 'Le tiramisu', 142, 0),
(566, 'Le diplomate', 142, 1),
(567, 'le Pudding', 142, 0),
(568, 'Charlotte aux fraises', 142, 0),
(569, 'dans la statue de la liberté', 143, 0),
(570, 'Sur un catamaran', 143, 0),
(571, 'A l’opéra de new york', 143, 0),
(572, 'Dans un space Montain', 143, 1),
(573, 'Al Pacino', 144, 1),
(574, 'Robert DeNiro', 144, 0),
(575, 'Michael Douglas', 144, 0),
(576, 'Clint Eastwood', 144, 0),
(577, 'Desparate Housewives', 145, 0),
(578, 'Friends', 145, 0),
(579, 'Heroes', 145, 0),
(580, 'Lost : Les disparus', 145, 1),
(581, 'Craig et Piama', 146, 0),
(582, 'Lois et Hal', 146, 1),
(583, 'Kitty et Abe', 146, 0),
(584, 'Ida et Stevie', 146, 0),
(585, 'Il n’a pas de cheveux', 147, 0),
(586, 'il n’a que 4 doigts par main', 147, 0),
(587, 'Ses 2 yeux ne sont pas de la même couleur', 147, 0),
(588, 'Il n’a pas de nombril', 147, 1),
(589, 'Leblanc', 148, 0),
(590, 'De Matteo', 148, 0),
(591, 'Tribbiani', 148, 1),
(592, 'Ricci', 148, 0),
(593, 'Dr House', 149, 1),
(594, 'Scrubs', 149, 0),
(595, 'Nip/Tuck', 149, 0),
(596, 'Grey’s Anatomy', 149, 0),
(597, 'Les frères scott', 150, 0),
(598, 'Smallville', 150, 1),
(599, 'Gossip Girl', 150, 0),
(600, 'Newport Beach', 150, 0),
(601, 'Veronica Mars', 151, 0),
(602, 'Ghost Whisperer', 151, 0),
(603, 'Roswell', 151, 0),
(604, 'Alias', 151, 1),
(605, 'Nip/Tuck', 152, 1),
(606, 'Fringe', 152, 0),
(607, '24', 152, 0),
(608, 'Chuck', 152, 0),
(609, 'American Dad', 153, 0),
(610, 'Bob l’éponge', 153, 0),
(611, 'Futurama', 153, 0),
(612, 'Totally Spies', 153, 0),
(613, 'Charlotte York', 154, 0),
(614, 'Miranda Hobbes', 154, 0),
(615, 'Carrie Bradshaw', 154, 0),
(616, 'Samantha Jones', 154, 1),
(617, 'La revanche des Sith', 155, 0),
(618, 'L’ascension des Skywalker', 155, 2),
(619, 'Les Derniers Jedi', 155, 0),
(620, 'Le reveil de la force', 155, 0),
(621, '1977', 156, 1),
(622, '1979', 156, 0),
(623, '1980', 156, 0),
(624, '1983', 156, 0),
(625, 'Naboo', 157, 0),
(626, 'Terre', 157, 0),
(627, 'Tatooline', 157, 1),
(628, 'Alderaan', 157, 0),
(629, 'Les Wookies', 158, 0),
(630, 'Les Tuskens', 158, 0),
(631, 'Les Jawas', 158, 1),
(632, 'Les Gamoréens', 158, 0),
(633, 'Jabba le Hutt', 159, 1),
(634, 'Bib Fortuna', 159, 0),
(635, 'Salacious Crumb', 159, 0),
(636, 'Boba Fett', 159, 0),
(637, 'Star Wars Rebels', 160, 0),
(638, 'Star Wars : The Clone Wars', 160, 0),
(639, 'The Book of Boba Fett', 160, 0),
(640, 'The Mandalorian', 160, 1),
(641, 'La menace fantôme', 161, 0),
(642, 'Le retour du jedi', 161, 1),
(643, 'L’attaque des clones', 161, 0),
(644, 'La revanche des Sith', 161, 0),
(645, 'Martin Scorsese', 162, 0),
(646, 'Stanley Kubrick', 162, 0),
(647, 'Steven Spielberg', 162, 1),
(648, 'Ridley Scoot', 162, 0),
(649, 'Dark Sidious', 163, 0),
(650, 'Dark Plagueis', 163, 1),
(651, 'Dark Vador', 163, 0),
(652, 'Dark Venamis', 163, 0),
(653, 'Le Home One', 164, 0),
(654, 'La Fregate Nebulon', 164, 0),
(655, 'Le Faucon Millenium', 164, 1),
(656, 'La fourmis Noire', 164, 0),
(657, 'Vingt-cinq ans', 165, 0),
(658, 'Vingt-huit ans', 165, 1),
(659, 'Trente ans', 165, 0),
(660, 'Trente-trois ans', 165, 0),
(661, 'Dans son vaisseau', 166, 0),
(662, 'Dans la mémoire de R2-D2', 166, 1),
(663, 'Dans la mémoire de C-3PO', 166, 0),
(664, 'Dans sa capuche', 166, 0),
(665, 'Dix années', 167, 1),
(666, 'Deux années', 167, 0),
(667, 'Douze années', 167, 0),
(668, 'Cinq années', 167, 0),
(669, 'Jawa', 168, 0),
(670, 'Ewok', 168, 0),
(671, 'Wookie', 168, 1),
(672, 'Jedi', 168, 0),
(673, 'Une', 169, 0),
(674, 'Deux', 169, 1),
(675, 'Trois', 169, 0),
(676, 'Quatre', 169, 0),
(677, 'Tatooine', 170, 0),
(678, 'Aldorande', 170, 0),
(679, 'Naboo', 170, 1),
(680, 'Kaazle', 170, 0),
(681, 'Son utilisateur privilégie la négociation et n\'utilise la force que lorsque c\'est nécessaire', 171, 1),
(682, 'Cela témoigne d\'un esprit de justice et de protection', 171, 0),
(683, 'Il est utilisé par les esprits curieux qui désirent détruire le côté obscur de la Force', 171, 0),
(684, 'Parce qu’ils sont dans l’équipe des verts', 171, 0),
(685, 'Il passe du vert au rouge', 172, 0),
(686, 'Il passe du bleu au violet', 172, 0),
(687, 'Il passe du bleu au rouge', 172, 1),
(688, 'Il passe du vert au noir', 172, 0),
(689, 'L\'histoire commence dans l\'épisode I et se termine dans le VI', 173, 1),
(690, 'L\'histoire se déroule dans l\'ordre suivant : épisode IV, puis V et VI pour finir sur les I, II et III', 173, 0),
(691, 'Les aventures évoluent dans l\'ordre IV, V, I, II, III puis VI', 173, 0),
(692, 'Les aventures évoluent dans l\'ordre V, IV, II, I, III puis VI', 173, 0),
(693, 'Car elle est amoureuse de Luffy et elle le protège', 174, 1),
(694, 'Car elle ne voulait venir que pour son plaisir', 174, 0),
(695, 'Car elle est dans les 7 grands corsaires', 174, 0),
(696, 'Car elle déteste la Marine', 174, 0),
(697, 'D\'être le roi des pirates', 175, 0),
(698, 'D\'être un grand corsaire', 175, 0),
(699, 'De renverser le gouvernement', 175, 1),
(700, 'De retrouver son fils', 175, 0),
(701, 'Un chasseur qui qui veut de l\'argent', 176, 0),
(702, 'Un chasseur qui livre des pirates de grandes primes à la Marine pour gagner les récompenses', 176, 1),
(703, 'Un chasseur qui n\'utilise que des sabres', 176, 0),
(704, 'Juste un pirate de l\'aventure', 176, 0),
(705, 'Se transformer en un animal', 177, 0),
(706, 'Prendre la forme d\'un élément', 177, 1),
(707, 'Avoir de la magie de sorcières', 177, 0),
(708, 'Produire une substance quelconque', 177, 0),
(709, 'En recevant des balles à Marine Ford', 178, 0),
(710, 'En se prenant un coup d\'épée dans la poitrine d\'un autre capitaine de son équipage, à Impel Down', 178, 0),
(711, 'La Marine l\'a exécuté en même temps qu\'Ace à Water Seven', 178, 0),
(712, 'Marshall D. Teach et ses compagnons l\'ont tué à Marine Ford après la mort d\'Ace', 178, 1),
(713, 'À Zoro', 179, 0),
(714, 'À Luffy', 179, 1),
(715, 'À son équipage', 179, 0),
(716, 'À Ace', 179, 0),
(717, 'Il est le frère adoptif de Luffy et Ace', 180, 0),
(718, 'Il fait partie de l\'armée révolutionnaire', 180, 0),
(719, 'Il veut détruire le gouvernement mondial', 180, 0),
(720, 'Il n\'a pas mangé un fruit du démon', 180, 1),
(721, 'Son nom connu est Barbe noire', 181, 0),
(722, 'Il n\'a pas mangé 2 fruits du démon', 181, 1),
(723, 'Il déteste le gouvernement mondial', 181, 0),
(724, 'Il a mangé le fruit des ténèbres', 181, 0),
(725, 'Ce n\'est pas dit dans \'One Piece\'', 182, 0),
(726, 'Vrai', 182, 1),
(727, 'Faux', 182, 0),
(728, '50 % du vrai et 50 % du faux', 182, 0),
(729, 'Ce n\'est pas dit dans \'One Piece\'', 183, 0),
(730, 'Vrai', 183, 0),
(731, 'Faux', 183, 1),
(732, '50 % du vrai et 50 % du faux', 183, 0),
(733, 'Ce n\'est pas dit dans \'One Piece\'', 184, 0),
(734, 'Vrai', 184, 0),
(735, 'Faux', 184, 0),
(736, '50 % du vrai et 50 % du faux', 184, 1),
(737, 'Utilisation des jambes et des pieds', 185, 1),
(738, 'Utilisation des mains', 185, 0),
(739, 'Utilisation des outils de cuisine', 185, 0),
(740, 'Aucun', 185, 0),
(741, 'Le fluide perceptif', 186, 1),
(742, 'Le saut d\'évite', 186, 0),
(743, 'Son poing', 186, 0),
(744, 'Son sac comme protection', 186, 0),
(745, '30 occupations', 187, 1),
(746, '20 occupations', 187, 0),
(747, '15 occupations', 187, 0),
(748, '35 occupations', 187, 0),
(749, 'Par la faute d\'Hody qui a tiré sur elle', 188, 1),
(750, 'L\'incendie qui a eu lieu sur la place où la reine était', 188, 0),
(751, 'Kidnappée et tuée par le nouvel équipage des Hommes-Poissons', 188, 0),
(752, 'À cause d\'une maladie', 188, 0),
(753, 'Des cartes Pokémon', 189, 0),
(754, 'Des cartes à jouer style Mah-jong', 189, 1),
(755, 'Des montres', 189, 0),
(756, 'Des livres', 189, 0),
(757, 'Le stick directionnel', 190, 0),
(758, 'Les gâchettes (boutons situés sur les côtés d\'une manette)', 190, 0),
(759, 'Le moteur à vibrations pour manettes', 190, 0),
(760, 'Toutes les propositions', 190, 1),
(761, 'Pockémon', 191, 0),
(762, 'Pocket Monsters', 191, 1),
(763, 'Poké Monde', 191, 0),
(764, 'Poker Mon', 191, 0),
(765, 'Ben... Gamecube !', 192, 0),
(766, 'GameCube', 192, 0),
(767, 'Dolphin', 192, 0),
(768, 'Game 128', 192, 0),
(769, 'Revolution', 193, 1),
(770, 'We', 193, 0),
(771, 'Wee', 193, 0),
(772, 'Wiitendo', 193, 0),
(773, 'Nes, SuperNes, GameBoy Advance, GameBoy Micro', 194, 1),
(774, 'GameBoy color, GameBoy Pocket', 194, 0),
(775, 'GameCube, Wii, GameBoy Micro', 194, 0),
(776, 'DS, Gamecube', 194, 0),
(777, 'C\'est un hommage à la Citroën DS', 195, 0),
(778, 'Data Super', 195, 0),
(779, 'Do Screen', 195, 0),
(780, 'Dual Screen', 195, 1),
(781, 'Sacha (Pokémon)', 196, 1),
(782, 'Sonic', 196, 0),
(783, 'Pikachu', 196, 0),
(784, 'Solid Snake', 196, 0),
(785, 'Super Mario', 197, 0),
(786, 'Hyper Mario', 197, 0),
(787, 'Luigi', 197, 0),
(788, 'Jumpman', 197, 1),
(789, 'PoKeMoN', 198, 0),
(790, 'Pokémon', 198, 0),
(791, 'PoKéMoN', 198, 1),
(792, 'POKémon', 198, 0),
(793, 'Printer', 199, 0),
(794, 'Advance', 199, 0),
(795, 'Pocket', 199, 0),
(796, 'Photo', 199, 1),
(797, 'Donkey Kong Country', 200, 0),
(798, 'The Legend Of Zelda : The Wind Waker', 200, 1),
(799, 'WarioLand', 200, 0),
(800, 'Metroïd Prime', 200, 0),
(801, 'SachaLand', 201, 0),
(802, 'PokéLand', 201, 0),
(803, 'Bourg Palette', 201, 1),
(804, 'Royaume Pokémon', 201, 0),
(805, 'Plante Pokémon', 202, 1),
(806, 'Nintendo 64 édition spéciale Pikachu', 202, 0),
(807, 'Livres-Casette', 202, 0),
(808, 'Figurines Mario', 202, 0),
(809, '\'Nintendo\' s\'affiche tout brouillé', 203, 0),
(810, 'La console ne s\'allume pas', 203, 0),
(811, 'Le voyant \'POWER\' clignote', 203, 0),
(812, 'Une barre apparaît au lieu de \'Nintendo\'', 203, 1),
(813, 'Wii Zapper', 204, 1),
(814, 'Wii Gun', 204, 0),
(815, 'Wii Wiz', 204, 0),
(816, 'Wii Shot', 204, 0),
(817, 'Wii Play', 205, 0),
(818, 'Wii Sport', 205, 1),
(819, 'Ce n\'est pas un jeu, c\'est un DVD', 205, 0),
(820, 'Ce n\'est pas un jeu, c\'est une démo', 205, 0),
(821, '40€ les deux', 206, 0),
(822, '19€ et 39€', 206, 1),
(823, '39€ et 19€', 206, 0),
(824, '19€ chacun', 206, 0),
(825, 'Des stickers pour décorer la Wii', 207, 0),
(826, 'Des dragonnes et des moulages anti-chocs pour wiimotes', 207, 1),
(827, 'Rien', 207, 0),
(828, 'Des batteries rechargeables', 207, 0),
(829, '9 Volts', 208, 0),
(830, 'Aucun (mais avec une batterie)', 208, 1),
(831, 'Boutons', 208, 0),
(832, '6 Volts', 208, 0),
(833, 'Nicole Kidman et Michèle Laroque', 209, 1),
(834, 'Daniel Radcliffe et Emma Watson', 209, 0),
(835, 'Les créateurs du jeu', 209, 0),
(836, 'Zac Efron et Bill Kaulitz', 209, 0),
(837, 'C\'est le premier jeu sans musiques', 210, 0),
(838, 'C\'est la première collaboration Sonic/Mario', 210, 1),
(839, 'C\'est le premier jeu SEGA sur console Nintendo', 210, 0),
(840, 'Il n\'a aucune grande particularité...', 210, 0),
(841, 'Wario', 211, 0),
(842, 'Luigi', 211, 1),
(843, ' Aldo', 211, 0),
(844, 'Moustachio', 211, 0),
(845, 'Une souris', 212, 0),
(846, 'Un éléphant', 212, 0),
(847, 'Un dinosaure', 212, 0),
(848, 'Un hérisson', 212, 1),
(849, 'Crados', 213, 0),
(850, 'Gratos', 213, 0),
(851, 'Kratos', 213, 1),
(852, 'Kramos', 213, 0),
(853, 'Master Chief', 214, 1),
(854, 'Top Chief', 214, 0),
(855, 'Master K', 214, 0),
(856, 'Chief Maul', 214, 0),
(857, 'La Neo Geo', 215, 0),
(858, 'La PlayStation 2', 215, 0),
(859, 'Le Gamecube', 215, 1),
(860, 'La Wii', 215, 0),
(861, 'Il paralyse ses ennemis avec ses yeux', 216, 0),
(862, 'Il empale ses ennemis avec son nez', 216, 0),
(863, 'Il aspire ses ennemis avec sa bouche', 216, 1),
(864, 'Il gèle ses ennemis avec ses oreilles', 216, 0),
(865, 'Delta Force Prime', 217, 0),
(866, 'FoxHound', 217, 1),
(867, 'Avalanche', 217, 0),
(868, 'Policenauts', 217, 0),
(869, 'Benzema', 218, 0),
(870, 'Platini', 218, 0),
(871, 'Zidane', 218, 1),
(872, 'Dugarry', 218, 0),
(873, 'Méditerranée', 219, 0),
(874, 'Normandy', 219, 1),
(875, 'Auvergna', 219, 0),
(876, 'Arcadia', 219, 0),
(877, 'Call of Duty', 220, 0),
(878, 'Uncharted', 220, 0),
(879, 'Gears of War', 220, 0),
(880, 'Grand Theft Auto', 220, 1),
(881, 'Nestlé', 221, 0),
(882, 'Lactel', 221, 1),
(883, 'Pampers', 221, 0),
(884, 'Aucune des propositions', 221, 0),
(885, 'Fanta', 222, 0),
(886, 'Nestea', 222, 0),
(887, 'Oasis', 222, 1),
(888, 'Aucune des propositions', 222, 0),
(889, 'Kfc', 223, 0),
(890, 'Mc Donald\'s', 223, 1),
(891, 'Burger King', 223, 0),
(892, 'Aucune des propositions', 223, 0),
(893, 'Joker', 224, 0),
(894, 'Danao', 224, 0),
(895, 'Pulco', 224, 1),
(896, 'Aucune des propositions', 224, 0),
(897, 'Volkswagen', 225, 0),
(898, 'Toyota', 225, 0),
(899, 'Bmw', 225, 1),
(900, 'Aucune des propositions', 225, 0),
(901, 'Edf', 226, 0),
(902, 'Voyages Sncf', 226, 1),
(903, 'Air France', 226, 0),
(904, 'Aucune des propositions', 226, 0),
(905, 'M6 mobile', 227, 0),
(906, 'Nrj mobile', 227, 0),
(907, 'Virgin mobile', 227, 1),
(908, 'Aucune des propositions', 227, 0),
(909, 'Auchan', 228, 1),
(910, 'Intermarché', 228, 0),
(911, 'Carrefour', 228, 0),
(912, 'Aucune des propositions', 228, 0),
(913, 'L\'Equipe', 229, 0),
(914, 'PMU', 229, 1),
(915, 'Canal + Sport', 229, 0),
(916, 'Aucune des propositions', 229, 0),
(917, 'Caisse d\'Epargne', 230, 1),
(918, 'Crédit Agricole', 230, 0),
(919, 'LCL', 230, 0),
(920, 'Aucune des propositions', 230, 0),
(921, 'Dior', 231, 1),
(922, 'Dolce & Gabbana', 231, 0),
(923, 'Diesel', 231, 0),
(924, 'Aucune des propositions', 231, 0),
(925, 'Renault', 232, 0),
(926, 'Opel', 232, 0),
(927, 'Citroën', 232, 1),
(928, 'Aucune des propositions', 232, 0),
(929, 'Kiabi', 233, 0),
(930, 'Evian', 233, 1),
(931, 'Blédina', 233, 0),
(932, 'Aucune des propositions', 233, 0),
(933, 'Chocolat Lindt', 234, 0),
(934, 'Ferrero Rocher', 234, 1),
(935, 'Kinder', 234, 0),
(936, 'Aucune des propositions', 234, 0),
(937, 'Carte Noire', 235, 0),
(938, 'L\'Or Espresso', 235, 0),
(939, 'Nespresso', 235, 1),
(940, 'Aucune des propositions', 235, 0),
(941, 'Spontex', 236, 1),
(942, 'Nenette', 236, 0),
(943, 'Grattex', 236, 0),
(944, 'Aucune des propositions', 236, 0),
(945, 'Kinder Country', 237, 0),
(946, 'Kinder Bueno', 237, 1),
(947, 'Kinder Pingui', 237, 0),
(948, 'Aucune des propositions', 237, 0),
(949, 'Garnier', 238, 1),
(950, 'Jean Louis David', 238, 0),
(951, 'Dessange', 238, 0),
(952, 'Aucune des propositions', 238, 0),
(953, 'Décathlon', 239, 0),
(954, 'Intersport', 239, 1),
(955, 'Go Sport', 239, 0),
(956, 'Aucune des propositions', 239, 0),
(957, 'Betclic', 240, 1),
(958, 'ParionsWeb', 240, 0),
(959, 'Sajoo', 240, 0),
(960, 'Aucune des propositions', 240, 0),
(961, 'Brad Pitt', 241, 1),
(962, 'Edward Norton', 241, 0),
(963, 'Meat Loaf', 241, 0),
(964, 'Jared Leto', 241, 0),
(965, 'Colin Farrell', 242, 0),
(966, 'Ewan McGregor', 242, 2),
(967, 'Edward Norton', 242, 0),
(968, 'Jim Carrey', 242, 0),
(969, 'Julianne Moore', 243, 1),
(970, 'Drew Barrymore', 243, 0),
(971, 'Kate Winslet', 243, 0),
(972, 'Susan Sarandon', 243, 0),
(973, 'James Cameron', 244, 0),
(974, 'David Cronenberg', 244, 1),
(975, 'Jim Jarmusch', 244, 0),
(976, 'Michael Winterbottom', 244, 0),
(977, 'Jamel Debbouze', 245, 1),
(978, 'Alain Chabat', 245, 0),
(979, 'Édouard Baer', 245, 0),
(980, 'Gérard Darmon', 245, 0),
(981, 'Matthew Fox', 246, 0),
(982, 'Ben Affleck', 246, 0),
(983, 'Matt Damon', 246, 0),
(984, 'Hugh Jackman', 246, 1),
(985, 'Marion Cotillard', 247, 1),
(986, 'Zoé Félix', 247, 0),
(987, 'Sylvie Testud', 247, 0),
(988, 'Émilie Dequenne', 247, 0),
(989, 'David Lynch', 248, 0),
(990, 'Jerry Bruckheimer', 248, 0),
(991, 'Robert Altman', 248, 0),
(992, 'Oliver Stone', 248, 1),
(993, 'Pulp Fiction', 249, 0),
(994, 'Reservoir Dogs', 249, 0),
(995, 'Jackie Brown', 249, 1),
(996, 'Kill Bill', 249, 0),
(997, 'Chiara Mastroianni', 250, 0),
(998, 'Charlize Theron', 250, 0),
(999, 'Nicole Kidman', 250, 1),
(1000, 'Julie Gayet', 250, 0),
(1001, 'In the Air', 251, 0),
(1002, 'Quand Harry rencontre Sally', 251, 0),
(1003, 'Virgin Suicide', 251, 1),
(1004, 'Jane Eyre', 251, 0),
(1005, 'Lorànt Deutsch', 252, 0),
(1006, 'Pascal Elbé', 252, 0),
(1007, 'Guillaume Galienne', 252, 1),
(1008, 'Clovis Cornillac', 252, 0),
(1009, 'Benicio Del Toro', 253, 0),
(1010, 'Bradley Cooper', 253, 1),
(1011, 'John Travolta', 253, 0),
(1012, 'Tom Cruise', 253, 0),
(1013, 'Full Metal Jacket', 254, 0),
(1014, 'Voyage au bout de l’Enfer', 254, 0),
(1015, 'Apocalypse Now', 254, 1),
(1016, 'Les Sentiers de la Gloire', 254, 0),
(1017, 'Cate Blanchett', 255, 0),
(1018, 'Diane Kruger', 255, 0),
(1019, 'Eva Green', 255, 0),
(1020, 'Kirsten Dunst', 255, 1),
(1021, 'Théophile', 256, 0),
(1022, 'Timothé', 256, 1),
(1023, 'Théodore', 256, 0),
(1024, 'Tim', 256, 0),
(1025, 'Cendrillon', 257, 1),
(1026, 'La belle au bois dormant', 257, 0),
(1027, 'Blanche-Neige', 257, 0),
(1028, 'Moi, sinon ma femme va crier...', 257, 0),
(1029, 'Une boîte d\'allumette', 258, 0),
(1030, 'Un carton à chaussures', 258, 0),
(1031, 'Une boîte de médicaments', 258, 0),
(1032, 'Une boîte de sardine', 258, 1),
(1033, 'Il les fait voler et les transporte ailleurs', 259, 0),
(1034, 'Il les fait disparaître', 259, 0),
(1035, 'Il les charge sur son dos', 259, 0),
(1036, 'Il les réduit et les range dans son sac', 259, 1),
(1037, 'De charbon', 260, 0),
(1038, 'De diamants', 260, 1),
(1039, 'D\'or', 260, 0),
(1040, 'De choucroute', 260, 0),
(1041, 'Des souris', 261, 1),
(1042, 'Des chats', 261, 0),
(1043, 'Des fourmis', 261, 0),
(1044, 'Des chiens', 261, 0),
(1045, 'Fleur', 262, 0),
(1046, 'Maître Hibou', 262, 0),
(1047, 'Pan-Pan', 262, 1),
(1048, 'Bernard', 262, 0),
(1049, 'Vincent', 263, 0),
(1050, 'Leonardo', 263, 0),
(1051, 'Toulouse', 263, 1),
(1052, ' Claude', 263, 0),
(1053, 'Ils jettent du poivre', 264, 0),
(1054, 'Ils font un feu', 264, 1),
(1055, 'Ils la chatouillent avec une plume', 264, 0),
(1056, 'Ils attendent qu\'elle prenne froid', 264, 0),
(1057, 'Baloo', 265, 1),
(1058, 'Baghera', 265, 0),
(1059, 'Simba', 265, 0),
(1060, 'Kaa', 265, 0),
(1061, 'Une tulipe', 266, 0),
(1062, 'Une marguerite', 266, 0),
(1063, 'Un lys', 266, 0),
(1064, 'Une rose', 266, 1),
(1065, 'Mickey Roney', 267, 0),
(1066, 'Samy Davis Junior', 267, 0),
(1067, 'Walt Disney', 267, 1),
(1068, 'Jimmy MacDonald', 267, 0),
(1069, 'Ils s\'enduisent de peinture', 268, 0),
(1070, 'Ils se roulent dans la suie', 268, 1),
(1071, 'Ils changent leurs papiers d\'identité', 268, 0),
(1072, 'Ils se saupoudrent de farine', 268, 0),
(1073, 'Dans une fourgonnette', 269, 0),
(1074, 'Dans une voiture', 269, 0),
(1075, 'Dans un fiacre', 269, 0),
(1076, 'Dans un side-car', 269, 1),
(1077, 'Ramoneur', 270, 1),
(1078, 'Couvreur', 270, 0),
(1079, 'Peintre', 270, 0),
(1080, 'Plombier', 270, 0),
(1081, 'Aba', 271, 0),
(1082, 'Abi', 271, 0),
(1083, 'Abo', 271, 0),
(1084, 'Abu', 271, 1),
(1085, 'Sa jeunesse', 272, 0),
(1086, 'Sa beauté', 272, 0),
(1087, 'Sa voix', 272, 1),
(1088, 'Son scooter des mers', 272, 0),
(1089, 'Dans un seau', 273, 0),
(1090, 'Dans un heaume', 273, 1),
(1091, 'Dans une armure', 273, 0),
(1092, 'Dans un pot', 273, 0),
(1093, 'Une abeille', 274, 0),
(1094, 'Un ver', 274, 0),
(1095, 'Un papillon', 274, 0),
(1096, 'Une chenille', 274, 1),
(1097, 'Pimba', 275, 0),
(1098, 'Samba', 275, 0),
(1099, 'Pumba', 275, 1),
(1100, 'Bamba', 275, 0),
(1101, 'Ils passent au travers de dessins faits sur le trottoir', 276, 1),
(1102, 'Ils passent à travers un miroir', 276, 0),
(1103, 'Ils entrent dans un tableau', 276, 0),
(1104, 'Ils s\'envolent dans les nuages', 276, 0),
(1105, 'En chien', 277, 0),
(1106, 'En cheval', 277, 0),
(1107, 'En chêvre', 277, 0),
(1108, 'En âne', 277, 1),
(1109, 'Baloo', 278, 0),
(1110, 'Baghera', 278, 0),
(1111, 'Kaa', 278, 1),
(1112, 'Le roi des singes', 278, 0),
(1113, 'Des balais', 279, 1),
(1114, 'Des chaises', 279, 0),
(1115, 'Des pelles', 279, 0),
(1116, 'Des plantes', 279, 0),
(1117, 'Une femme', 280, 0),
(1118, 'Un agent secret', 280, 0),
(1119, 'Un chat', 280, 1),
(1120, 'Une petite fille', 280, 0),
(1121, 'Alice au pays des merveilles', 281, 0),
(1122, 'Mary Poppins', 281, 0),
(1123, 'Fantasia', 281, 1),
(1124, 'Peter Pan', 281, 0),
(1125, 'Choupinette', 282, 0),
(1126, 'Choupette', 282, 1),
(1127, 'Choupignette', 282, 0),
(1128, 'Chouquette', 282, 0),
(1129, 'Prof', 283, 0),
(1130, 'Dormeur', 283, 0),
(1131, 'Atchoum', 283, 0),
(1132, 'Peureux', 283, 1),
(1133, 'Archimède', 284, 1),
(1134, 'Pythagore', 284, 0),
(1135, 'Nostradamus', 284, 0),
(1136, 'Galilée', 284, 0),
(1137, 'Charles Aznavour', 285, 0),
(1138, 'Maurice Chevalier', 285, 1),
(1139, 'Gilbert Becaud', 285, 0),
(1140, 'Oscar', 285, 0),
(1141, 'Mike Douglas', 286, 0),
(1142, 'Jerry Lewis', 286, 0),
(1143, 'Robin Williams', 286, 1),
(1144, 'Eddy Murphy', 286, 0),
(1145, 'Pour ressembler à un oiseau', 287, 0),
(1146, 'Parce qu\'elle est ‘magique’', 287, 1),
(1147, 'C\'est un porte-bonheur', 287, 0),
(1148, 'C\'est tout ce qu\'il avait sous la main', 287, 0),
(1149, 'Une moufette', 288, 1),
(1150, 'Une loutre', 288, 0),
(1151, 'Un blaireau', 288, 0),
(1152, 'Un écureuil', 288, 0),
(1153, 'Un phonographe', 289, 0),
(1154, 'Une hache', 289, 0),
(1155, 'Un couteau', 289, 1),
(1156, 'Une arbalète', 289, 0),
(1157, 'Fantasia', 290, 0),
(1158, 'Pinocchio', 290, 1),
(1159, 'Cendrillon', 290, 0),
(1160, 'La Belle et la Bête', 290, 0),
(1161, 'Lierre', 291, 0),
(1162, 'Ronces', 291, 1),
(1163, 'Chèvrefeuille', 291, 0),
(1164, 'Barbelés', 291, 0),
(1165, '53', 292, 1),
(1166, '58', 292, 0),
(1167, '63', 292, 0),
(1168, '47', 292, 0),
(1169, 'Détective privé', 293, 1),
(1170, 'Inspecteur de police', 293, 0),
(1171, 'Commissaire de police', 293, 0),
(1172, 'Constructeur de limes à épaissir', 293, 0),
(1173, 'Elle leur donne un coup de baguette magique', 294, 0),
(1174, 'Elle prononce une phrase magique', 294, 0),
(1175, 'Elle les couvre de poudre magique', 294, 1),
(1176, 'Elle leur fait boire un philtre magique', 294, 0),
(1177, 'Grand ambassadeur de la conscience de Pinocchio', 295, 0),
(1178, 'Grand chancelier de la connaissance du bien et du mal', 295, 0),
(1179, 'Grand ministre des bons principes', 295, 0),
(1180, 'Grand général des bonnes manières', 295, 0),
(1181, 'Ademo', 296, 0),
(1182, 'Grichka', 296, 0),
(1183, 'Itachi', 296, 1),
(1184, 'Ariana Grande', 296, 0),
(1185, ' La dark attitude', 297, 0),
(1186, 'Le Sharingan', 297, 1),
(1187, 'Un complexe d\'infériorité', 297, 0),
(1188, ' Un fan club', 297, 0),
(1189, 'Sakura qui ne pouvait plus se retenir', 298, 0),
(1190, 'Naruto', 298, 0),
(1191, 'Orochimaru', 298, 1),
(1192, 'Un fan des BTS', 298, 0),
(1193, 'Dark Sasuke : badass attitude', 299, 0),
(1194, 'Fuite', 299, 0),
(1195, 'Egocentrisme : technique ancestrale du chacal', 299, 0),
(1196, 'Chidori : les mille oiseaux', 299, 1),
(1197, 'Parce qu\'il préfère qu\'il meurt plutôt qu\'ils ne finissent pas ensemble', 300, 0),
(1198, 'Parce qu\'il est jaloux de Hinata', 300, 0),
(1199, 'Pour avoir le kaléidoscope hypnotique', 300, 1),
(1200, 'Pour avoir des nouvelles lentilles de contact', 300, 0),
(1201, 'Rose paillettes', 301, 0),
(1202, 'Orange', 301, 0),
(1203, 'Violet', 301, 1),
(1204, 'Rayé vert', 301, 0),
(1205, 'Orochimaru', 302, 0),
(1206, 'Sakura', 302, 1),
(1207, 'Naruto', 302, 0),
(1208, 'Tenten', 302, 0),
(1209, 'Koba la D', 303, 0),
(1210, 'Michou', 303, 0),
(1211, 'Gaara', 303, 1),
(1212, 'The Kairi 78', 303, 0),
(1213, 'Personne', 304, 1),
(1214, 'Le pouvoir de l\'amitié', 304, 0),
(1215, 'Le fan service', 304, 0),
(1216, 'Sakura', 304, 0),
(1217, 'Anti-fuite', 305, 0),
(1218, 'Çavapa', 305, 0),
(1219, 'Sarada', 305, 1),
(1220, 'Punching-ball', 305, 0),
(1221, 'Rock Lee', 306, 1),
(1222, 'Orochimaru', 306, 0),
(1223, 'Itachi Uchiwa', 306, 0),
(1224, 'Naruto', 306, 0),
(1225, 'Kabuto', 307, 0),
(1226, 'Madara Uchiwa', 307, 0),
(1227, 'Tobirama Senju', 307, 1),
(1228, 'Orochimaru', 307, 0),
(1229, '9', 308, 0),
(1230, '13', 308, 0),
(1231, '11', 308, 1),
(1232, '18', 308, 0),
(1233, 'Sasori', 309, 1),
(1234, 'Tobi', 309, 0),
(1235, 'Hidan', 309, 0),
(1236, 'Deidara', 309, 0),
(1237, 'Quand Itachi est mort', 310, 1),
(1238, 'Quand il a été battu par Itachi', 310, 0),
(1239, 'Quand il a combattu Naruto', 310, 0),
(1240, 'Après qu\'il ait tué Itachi', 310, 0),
(1241, 'Isobu', 311, 0),
(1242, 'Chômei', 311, 0),
(1243, 'Matatabi', 311, 1),
(1244, 'Saiken', 311, 0),
(1245, 'Deidara', 312, 0),
(1246, 'Hidan', 312, 1),
(1247, 'Itachi', 312, 0),
(1248, 'Sasori', 312, 0),
(1249, 'Sakura', 313, 0),
(1250, 'Tsunade', 313, 0),
(1251, 'Saï', 313, 0),
(1252, 'Hinata', 313, 1),
(1253, 'Tobi', 314, 0),
(1254, 'Hashirama Senju', 314, 0),
(1255, 'Madara Uchiwa', 314, 1),
(1256, 'Tobirama Senju', 314, 0),
(1257, '11', 315, 0),
(1258, '6', 315, 0),
(1259, '5', 315, 1),
(1260, '4', 315, 0),
(1261, 'Le Très-Haut', 316, 0),
(1262, 'Tortue Géniale', 316, 1),
(1263, 'Mr. Popo', 316, 0),
(1264, 'Le Maître des Grues', 316, 0),
(1265, 'Sangoku, sans le faire exprès', 317, 1),
(1266, 'Tao Pai Pai, en lui tirant un Dodompa', 317, 0),
(1267, 'Petit-Cœur, en lui tordant le cou', 317, 0),
(1268, 'Un dinosaure, en lui croquant la tête', 317, 0),
(1269, 'Sangoku', 318, 0),
(1270, 'Vegeta', 318, 1),
(1271, 'Sangoten', 318, 0),
(1272, 'Sangohan', 318, 0),
(1273, 'Sangohan', 319, 0),
(1274, 'Nappa', 319, 0),
(1275, 'La tortue', 319, 1),
(1276, 'Tortue Géniale', 319, 0),
(1277, 'À 7 ans', 320, 0),
(1278, 'À 14 ans', 320, 0),
(1279, 'À 16 ans', 320, 1),
(1280, 'À 25 ans', 320, 0),
(1281, 'Trois', 321, 0),
(1282, 'Deux', 321, 1),
(1283, 'Un seul', 321, 0),
(1284, 'Aucun', 321, 0),
(1285, 'Il servait de passage entre le paradis et les enfers', 322, 0),
(1286, 'Il appartenait au Roi Enma', 322, 0),
(1287, 'C\'était l\'une des baguette chinoise d\'un monstre géant', 322, 0),
(1288, 'Il reliait le palais de Maître Karin au palais du Tout-puissant', 322, 1),
(1289, 'En échange de nourriture', 323, 0),
(1290, 'Contre des capsules très rares', 323, 0),
(1291, 'En échange de l\'aide des villageois pour tuer Broly', 323, 0),
(1292, 'Contre le collier du Shamane du village', 323, 1),
(1293, 'Cell', 324, 0),
(1294, 'Taopaïpaï', 324, 0),
(1295, 'Picollo', 324, 1),
(1296, 'Freezer', 324, 0),
(1297, 'Piccolo, en utilisant sa technique des \'grenades lumières\'', 325, 0),
(1298, 'Sangoku, en lui envoyant un kaméhaméha surpuissant', 325, 0),
(1299, 'Krilin, en lui coupant la tête avec son \'kienzan\'', 325, 0),
(1300, 'Sangohan, en l\'expédiant dans un trou noir', 325, 1),
(1301, 'Pax', 326, 0),
(1302, 'Bee', 326, 1),
(1303, 'Bubbles', 326, 0),
(1304, 'Panco', 326, 0),
(1305, 'Mr. Poppo', 327, 1),
(1306, 'Le tout-puissant', 327, 0),
(1307, 'Dendé', 327, 0),
(1308, 'Ce n\'est pas précisé dans la série', 327, 0),
(1309, '6. 000 unités', 328, 0),
(1310, '8. 000 unités', 328, 0),
(1311, '18. 000 unités', 328, 1),
(1312, '32. 000 unités', 328, 0),
(1313, '6. 000 unités', 329, 0),
(1314, '8. 000 unités', 329, 1),
(1315, '12. 000 unités', 329, 0),
(1316, '24. 000 unités', 329, 0),
(1317, 'Il lui promet de lui offrir le jouet qu\'il veut', 330, 0),
(1318, 'Il lui promet de lui enseigner une nouvelle technique', 330, 0),
(1319, 'Il lui promet une journée dans un parc d\'attraction', 330, 1),
(1320, 'Il lui promet de partir pour un long voyage dans l\'espace avec lui', 330, 0),
(1321, 'Dans la saga de Boo', 331, 1),
(1322, 'Après sa défaite face à Cell', 331, 0),
(1323, 'Après le combat contre Végéta et Nappa', 331, 0),
(1324, 'Dans le film \'Les mercenaires de l\'espace\'', 331, 0),
(1325, 'Après son combat contre un saïbaman', 332, 0),
(1326, 'Lors de son entraînement pour le championnat d\'art martiaux', 332, 1),
(1327, 'Après son combat contre les cyborgs', 332, 0),
(1328, 'Après son entraînement chez maître Kaïo', 332, 0),
(1329, 'Livrer du lait aux habitants de l\'île voisine', 333, 0),
(1330, 'Porter une carapace de tortue très lourde', 333, 0),
(1331, 'Labourer un champ à main nue', 333, 0),
(1332, 'Casser un rocher grâce à un Kiaï (déplacement d\'air)', 333, 1),
(1333, 'La galaxie du Nord', 334, 0),
(1334, 'La galaxie du Sud', 334, 0),
(1335, 'La galaxie de l\'Ouest', 334, 1),
(1336, 'La galaxie de l\'Est', 334, 0),
(1337, 'Yamcha', 335, 1),
(1338, 'Tenshinhan', 335, 0),
(1339, 'Krilin', 335, 0),
(1340, 'Tortue géniale', 335, 0),
(1341, '1', 336, 1),
(1342, '2', 336, 0),
(1343, '3', 336, 0),
(1344, '4', 336, 0),
(1345, 'Konatz', 337, 1),
(1346, 'Konacta', 337, 0),
(1347, 'Kashiik', 337, 0),
(1348, 'Coula', 337, 0),
(1349, 'Kiro', 338, 0),
(1350, 'Maokai', 338, 0),
(1351, 'Bacui', 338, 0),
(1352, 'Gokua', 338, 1),
(1353, '1', 339, 0),
(1354, '2', 339, 1),
(1355, '3', 339, 0),
(1356, '4', 339, 0),
(1357, 'Bojack, Broly, Cell, Thalès', 340, 0),
(1358, 'Broly, Thalès, Cell, Bojack', 340, 0),
(1359, 'Thalès, Broly, Cell, Bojack', 340, 1),
(1360, 'Cell, Bojack, Broly, Thalès', 340, 0),
(1361, 'test Reponse 1', 1, 0),
(1362, 'test Reponse 2', 1, 1),
(1363, 'test Reponse 3', 1, 0),
(1364, 'test Reponse 3', 1, 0);

-- --------------------------------------------------------

--
-- Structure de la table `questions`
--

CREATE TABLE `questions` (
  `id` int(11) NOT NULL,
  `question` varchar(255) NOT NULL,
  `quiz_id` int(11) NOT NULL
) ENGINE=InnoDB DEFAULT CHARSET=utf8 COLLATE=utf8_general_ci;

--
-- Déchargement des données de la table `questions`
--

INSERT INTO `questions` (`id`, `question`, `quiz_id`) VALUES
(1, 'De quoi a peur Yvain?', 6),
(2, 'Comment appelait-on Perceval dans sa jeunesse, ce qui le faisait pleurer ?', 6),
(3, 'Que fait la reine quand elle a trop bu ?', 6),
(4, 'A cause de quoi Bohort déprime t’il toujours ?', 6),
(5, 'Pourquoi Merlin ne veux t’il pas aller au rassemblement du corbeau ?', 6),
(6, 'Pourquoi Karadoc entretient avec un grand soin son hygiène dentaire ?', 6),
(7, 'Quel est le plat préféré de Genièvre ?', 6),
(8, 'Quelle est la réponse qui colle avec tout ?', 6),
(9, 'Qu’est ce qui compte le plus dans le jeux du Sirop ?', 6),
(10, 'A quoi pense Merlin ?', 6),
(11, 'De quoi la famille Dursley a-t\'elle le plus peur ?', 1),
(12, 'Qui est Gellert Grindelwald ?', 1),
(13, 'Qu\'est-ce que la S.A.L.E?', 1),
(14, 'Dans HP6, qu\'utilise Harry pour sauver Ron de l\'empoisonnement dans le bureau de Slughorn ?', 1),
(15, 'Quel titre porte le livre qu\'offrent Fred & Georges à Ron dans le 7eme Tome ?', 1),
(16, 'De quel trait de caractère Harry a -t\'il hérité de son père, selon Lupin (HP3) ?', 1),
(17, 'Pourquoi Voldemort a-t‘il crut devoir tuer Harry quand il avait un an ?', 1),
(18, 'Dans quel film entend-on la voix de Mafalda Hopkrik pour la première fois ?', 1),
(19, 'Quel est le prénom de la sœur de Fleur Delacour (HP4) ?', 1),
(20, 'Quelle est la mascotte de l\'équipe de Quidditch de Bulgarie (HP4) ?', 1),
(21, 'Quelle baguette produit la marque des ténèbres dans le ciel durant la coupe du monde de Quidditch ? (HP4 Livre)', 1),
(22, 'Pour quelle raison le père de Dumbledore fini-t-il à Azkaban ?', 1),
(23, 'Dans HP, qui est Nicolas Flammel ?', 1),
(24, 'A quel étage se situe la trappe gardée par Touffu et qui permet l’accès à la pièce où se trouve la Pierre Philosophale ?', 1),
(25, 'Où Dumbledore trouve t\'il la Bague de Gaunt après avoir compris pour les Horcruxes ? (Livre HP6)', 1),
(26, 'Dans quel tome Harry est-il pour la première fois en possession d\'un Horcruxe ?', 1),
(27, 'Qui est R.A.B ?', 1),
(28, 'Qui est le baron sanglant ?', 1),
(29, 'Quel titre porte le livre écrit par Rita skeeter sur Dumbledore ?', 1),
(30, 'Que dit Ron qu\'il ferait si sa fille n\'était pas prise à Gryffondor ?', 1),
(31, 'En quelle année fut diffusée l’émission ?', 9),
(32, 'Quels étaient les prénoms des présentateurs principaux de l\'émission ?', 9),
(33, 'Nous sommes des oursons en peluche vivant dans des nuages. Nous sommes les... ?', 9),
(34, 'Mon générique commence par : Relax Teenager de Beverly Hills. Dans tes délires soit coo-oo-ool ! T\'as mis le select derrière la colline...', 9),
(35, 'Dans Candy, quel est le surnom de l\'homme dont est amoureuse l\'héroïne ?', 9),
(36, 'Starlion, Tigro, Félibelle, Pantéro, Willykat et Willykit sont... ?', 9),
(37, 'Quel est le prénom de la femme de San Goku ?', 9),
(38, 'Si je vous dis : Véga, Euphor, Actarus, Alcor, Vénusia, Phénicia... Vous me dites ?', 9),
(39, 'Les monstroplantes sont mes pires ennemis. Qui suis-je ?', 9),
(40, 'De qui est amoureuse la joueuse de volley, Jeanne ?', 9),
(41, 'Notre héroïne a jeté son dévolu sur Rony, un coureur de jupons terrien. Qui est-elle ?', 9),
(42, 'Les minipousses Tom et Lucie ont un oncle assez maladroit. Comment s’appelle-t-il ?', 9),
(43, 'Dans Nadia et le secret de l\'eau bleue, où se déroule le début de l\'histoire ?', 9),
(44, 'Quelle est la profession exacte de Nicky Larson ?', 9),
(45, 'Les silverhawks ont une particularité bien précise. Laquelle ?', 9),
(46, 'A quel sport jouent Olive et Tom ?', 9),
(47, 'Que devait-on répondre lorsque l’émission nous appelait : « Allo ? » : Nabilla c’est toi ?', 9),
(48, 'Comment s’appelle le loup de Jon Snow ?', 7),
(49, 'De quelle cité l’épouse de Robb Stark est-elle originaire ?', 7),
(50, 'Comment s’appelle le trou qui s’ouvre au milieu du château des Eyrié ?', 7),
(51, 'Qu’offre Drogo à Daenerys lors de leur mariage ?', 7),
(52, 'D’où vient la balafre de Tyrion ?', 7),
(53, 'Un seul de ces Greyjoy n’existe pas, lequel ?', 7),
(54, 'Comment s’appelle le lieu où Samwell Tarly rencontre les Marcheurs blancs pour la première fois ?', 7),
(55, 'Comment s\'appelle la deuxième épée du cruel Joffrey Baratheon ?', 7),
(56, 'Par qui Robb Stark est-il tué lors des Noces pourpres ?', 7),
(57, 'Comment s’appelle le compagnon de Bran, capable d’avoir des visions ?', 7),
(58, 'Parmi ces personnages, lequel n’a jamais souhaité, à un moment de la série, être l\'époux de Daenerys ?', 7),
(59, 'Quel groupe interprète < Les Pluies de Castamere > dans un générique de fin de la saison 2 ?', 7),
(60, 'Où est née Daenerys ?', 7),
(61, 'Comment s\'appellent les grands frères de Daenerys ?', 7),
(62, 'Quelle est la devise des Lannister ?', 7),
(63, 'Comment s’appelle le poison qui tue Joffrey le jour de son mariage avec Margaery Tyrell ?', 7),
(64, 'Qui tue Lady, la louve de Sansa ?', 7),
(65, 'Comment Shireen Baratheon attrape-t-elle la < grisécaille > ?', 7),
(66, 'Pourquoi Stannis Baratheon a-t-il coupé les premières phalanges de son conseiller Ser Davos Mervault ?', 7),
(67, 'A qui appartient la dague qui devait tuer Bran et qui tue le Roi de la nuit ?', 7),
(68, 'Quand Khal Drogo doit-il revenir ?', 7),
(69, 'Quel chanteur fait une apparition dans la série ?', 7),
(70, 'Qui est assis sur le Trône de fer au début de la série ?', 7),
(71, 'Les cruels Bolton sont des bannerets d’une grande famille. Laquelle ?', 7),
(72, 'Pourquoi un mariage doit-il avoir lieu entre Robb Stark et l\'une des filles de Walder Frey ?', 7),
(73, 'Comment se nomment les dragons de Daenerys ?', 7),
(74, 'Quelle langue est la langue natale de Daenerys ?', 7),
(75, 'D’où vient Jorah Mormont ?', 7),
(76, 'Par qui Daenerys est-elle trahie dès le début de la série ?', 7),
(77, 'Quelle scène a provoqué une polémique lors de la diffusion de la saison 5 ?', 7),
(78, 'Comment s’appelle la saga de romans écrite par George R. R. Martin, qui inspire la série ?', 7),
(79, 'Comment se nomme l’épée que Jaime Lannister donne à Brienne de Torth ?', 7),
(80, 'Combien de rois sont engagés dans la guerre qui suit la mort de Robert Baratheon ?', 7),
(81, 'Complétez la phrase de Syrio Forel : Il n’y a qu’un seul dieu, et ce dieu est la mort. Et on ne dit qu’une seule chose à la mort…', 7),
(82, 'Quel groupe de musique joue lors de la fête organisée à Port-Réal pour le mariage de Joffrey et Margaery ?', 7),
(83, 'Combien de descendants ont eu Ned et Catelyn Stark ?', 7),
(84, 'Qui offre les œufs de dragon à Daenerys ?', 7),
(85, 'Quel est le nom des continents où se déroule l’intrigue ?', 7),
(86, 'Qui tranche la main de Jaime Lannister ?', 7),
(87, 'Pourquoi Sandor Clegane, le Limier et, Gregor Clegane, la Montagne, ne peuvent-ils pas se voir en peinture ?', 7),
(88, 'Comment ont été distribués les Anneaux de Pouvoirs entre les peuples de la Terre du Milieu ?', 3),
(89, 'Selon Galadriel, pendant combien de temps l’Anneau a-t-il dévoré l’esprit de Gollum ?', 3),
(90, 'Quelle inscription peut-on lire sur le portail de Bilbon lorsque Gandalf arrive chez lui ?', 3),
(91, 'Comment s\'appelle la meilleure herbe à pipe de la région selon Bilbon ?', 3),
(92, 'Quels sont les noms complets de Merry et de Pippin ?', 3),
(93, 'Quel âge a Bilbon lorsqu’il fête son anniversaire au début du film ?', 3),
(94, 'Comment s\'appelle le paysan qui pourchasse les quatre hobbits au début du film ?', 3),
(95, 'A leur arrivée à Bree, Frodon, Sam, Merry et Pippin ont rendez-vous dans une auberge. Quel est son nom ?', 3),
(96, 'Selon Gandalf, à quelle date Frodon se réveille-t-il à Fondcombe ?', 3),
(97, 'Comment s\'appelait l\'épée d\'Elendil, dont la lame fut brisée par Sauron ?', 3),
(98, 'Quels mots Boromir utilise-t-il pour décrire le Mordor au Conseil d’Elrond ?', 3),
(99, 'Quelle est la particularité de Dard, l\'épée que Bilbon lègue à Frodon ?', 3),
(100, 'Voyant que le passage par le Sud est surveillé par les espions de Saroumane, quel chemin Gandalf décide-t-il d’emprunter ?', 3),
(101, 'Sur la Porte de la Moria, on peut lire l\'inscription suivante :  < Parlez ami, et entrez > Que faut-il donc faire pour la déverrouiller ?', 3),
(102, 'Lequel de ces personnages n’est jamais tenté par le fait de conserver l’Anneau ?', 3),
(103, 'D\'après Gandalf, dans le doute, il faut toujours...', 3),
(104, 'Qui finit par porter le coup de grâce au Troll des Cavernes ?', 3),
(105, 'Face au Balrog, Gandalf se présente en tant que...', 3),
(106, 'Quel est le cadeau offert par Galadriel à Sam ?', 3),
(107, 'De combien de flèches Boromir est-il transpercé à la fin du film ?', 3),
(108, 'Quel est le nom de l\'équipe de foot contre qui joue Dewey ?', 5),
(109, 'Après l\'explosion du Kommodo 3000, combien de temps faut-il pour récupérer la vue ?', 5),
(110, 'Quels sont les noms de Francis, Reese, Malcolm et Dewey en version fille dans un rêve de Loïs ?', 5),
(111, 'Avec quel véhicule Malcolm et ses frères se retrouvent au fond d\'une piscine ?', 5),
(112, 'Quelle musique joue Dewey avec son orgue créé avec toutes sortes d’objets ?', 5),
(113, 'Quel est le nom du prof de Malcolm ? ', 5),
(114, 'Dans quel pays pense aller Reese en voyageant dans une énorme caisse en bois ?  ', 5),
(115, 'Quel est le nom du singe qui veut tuer Craig ? ', 5),
(116, 'Avec quelle camarade de Malcolm sort Reese après avoir découvert qu\'elle avait une grosse poitrine ?', 5),
(117, 'Où va Francis après avoir quitté l\'école militaire ?', 5),
(118, 'Quel est le nom de l\'acteur qui incarne Malcolm ? ', 5),
(119, 'Qui est le meilleur ami de Hal ?', 5),
(120, 'À quel festival se rend toute la famille ? ', 5),
(121, 'Que découvre Loïs dans le dernier épisode ? ', 5),
(122, 'La série Malcolm est composée de combien d\'épisodes ? ', 5),
(123, 'Quel est le nom de famille de Malcolm ?', 5),
(124, 'Quel est l’âge de Malcolm au début de la série ?', 5),
(125, 'Combien de téléspectateurs a rassemblé le dernier épisode ?', 5),
(126, 'Comment s’appelle le Hamster de Dewey ?', 5),
(127, 'Comment s’appelle le dernier enfant de la famille ?', 5),
(128, 'Qui est le créateur de la série ?', 5),
(129, 'Dans quelle série le créateur de la série à t-il joué ?', 5),
(130, 'Quels personnages apparaissent dans tous les épisodes ?', 5),
(131, 'Dans quelle ville se déroule la série Desperate Housewives ?', 8),
(132, 'Quel est le nom du jardinier de Gaby en saison 1 ?', 8),
(133, 'Comment s\'appelle la mère de Carlos Solis, qui sera également le nom de sa fille ?', 8),
(134, 'Qui a renversé en voiture Juanita « Mama » Solis en étant bourré ?', 8),
(135, 'Quel personnage féminin est la narratrice de Desperate Housewives ?', 8),
(137, 'Quelle actrice incarne Bree Van De Kamp dans Desparate Housewives ?', 8),
(138, 'En quelle année a débuté la série Friends ?', 8),
(139, 'Quel est le prénom de la sœur jumelle de Phoebe ?', 8),
(140, 'Dans la série Friends, quel est le second prénom de Chandler ?', 8),
(141, 'Dans la série Friends, quel est le fruit dont Ross est allergique ?', 8),
(142, 'Dans la série Friends, dans quelle recette Rachel ajoute par erreur de la viande ?', 8),
(143, 'Dans la série Friends, où Ross est-il tombé malade à cause d’un Tacos ?', 8),
(144, 'Dans la série Friends, de quel acteur Joey est-il la doublure fesses pour un film ?', 8),
(145, 'Quel épisode pilot est le plus cher de l’histoire de la télévision Américaine ?', 8),
(146, 'Dans la série Malcolm, quels sont les prénoms des parents ?', 8),
(147, 'Dans la série Kyle XY, quelle est la particularité du personnage de Kyle ?', 8),
(148, 'Dans la série Joey, quel est le nom de famille de Joey ?', 8),
(149, 'Quelle série médicale est lancée en novembre 2004 pour 8 saisons ?', 8),
(150, 'De quelle série Tom Welling est l’acteur principale ?', 8),
(151, 'Dans quelle série, une étudiante nommée Sydney est espionne pour la CIA et doit jongler entre 2 vies ?', 8),
(152, 'Quelle série met en avant les personnages de Christian Troy et Sean McNamara ?', 8),
(153, 'Quelle série animée lancée en 1999 a le même créateur de les Simpson ?', 8),
(154, 'Dans Sex & The City, quel personnage est une accro au sex ?', 8),
(155, 'Comment se prénomme le dernier film de la saga sorti au cinéma ?', 2),
(156, 'En quelle année est sorti le tout premier épisode de la saga Star Wars ?', 2),
(157, 'Sur quelle planète grandissent Anakin et Luke Skywalker ?', 2),
(158, 'Comment s’appellent les humanoïdes dont le visage est caché sous un capuchon ?', 2),
(159, 'Qui est le gangster impitoyable qui met à prix la tête de Han Solo ?', 2),
(160, 'Quelle est la première série télévisée dérivée de l’univers Star Wars à paraître sur Disney+ ?', 2),
(161, 'Dans quel film Wicket Warrick, l’Ewok le plus connu, apparaît-il pour la première fois ?', 2),
(162, 'De quel grand réalisateur, avec qui il est très ami, George Lucas a-t-il produit les films ?', 2),
(163, 'Qui a formé le diabolique Palpatine du côté obscure de la Force ?', 2),
(164, 'Comment s\'appelle le vaisseau de Han Solo ?', 2),
(165, 'Combien d’années séparent la sortie en salles de l\'épisode IV de l\'épisode III ?', 2),
(166, 'Où la princesse Leia cache-t-elle les plans de l’Etoile noire, dans l’épisode IV ?', 2),
(167, 'Combien d’années s\'écoulent entre la fin des événements de l\'épisode I et le début de l\'histoire de l\'épisode II ?', 2),
(168, 'De quelle espèce est Chewbacca ?', 2),
(169, 'Combien d\'Etoiles sont construites par l’Empire ?', 2),
(170, 'Sur quelle planète Padmé Amidala règne-t-elle ?', 2),
(171, 'Pourquoi certains Jedi utilisent un sabre laser vert ?', 2),
(172, 'Quelle est la couleur du sabre laser d’Anakin Skywalker lorsqu’il devient Dark Vador ?', 2),
(173, 'Quel est l’ordre chronologique de la saga Star Wars ?', 2),
(174, 'Pour quelle raison l\'impératrice Boa Hancock a-t-elle soutenu Luffy pendant la guerre à Marine Ford ?', 10),
(175, 'Quel est le but de Monkey D. Dragon ?', 10),
(176, 'Qu\'est-ce qu\'un chasseur de primes ?', 10),
(177, 'Le fruit du démon de type Logia permet de :', 10),
(178, 'Comment Edward Newgate est-il mort ? Dans quel lieu ?', 10),
(179, 'À qui Shanks le Roux dit-il cette phrase : < Ne t\'en fais pas, un bras en moins, ce n’est pas un drame, ce qui est important c\'est ce que tu sois sain et sauf > ?', 10),
(180, 'Trouve l\'intrus au sujet de Sabo :', 10),
(181, 'Trouve l\'intrus à propos de Marshall D. Teach :', 10),
(182, 'Vrai ou faux ? - Le Nouveau Monde est la zone maritime la plus dangereuse.', 10),
(183, 'Vrai ou faux ? - Le pouvoir de Poséidon est dans le corps de la reine de l\'île aux Hommes-Poissons.', 10),
(184, 'Vrai ou faux ? - All Blue est réelle.', 10),
(185, 'Quelle est la technique de Sanji en combat ?', 10),
(186, 'Qu\'a utilisé Luffy face au laser d\'un Pacifista de la Marine ?', 10),
(187, 'Combien y a-t-il d\'occupations dans « One Piece » ?', 10),
(188, 'Comment la reine de l\'île aux Hommes-Poissons est-elle morte ?', 10),
(189, 'Que faisait la société Nintendo avant les jeux vidéo ?', 72),
(190, 'Qu\'est-ce qu\'a inventé Nintendo ?', 72),
(191, 'Que signifie \'Pokémon\' ?', 72),
(192, 'Quel était le nom de prototype de la Gamecube ?', 72),
(193, 'Quel était le nom de prototype de la Wii ?', 72),
(194, 'Quel est le bon classement chronologique des consoles Nintendo suivantes de la plus vieille à la plus récente (même s\'il en manque entre) ?', 72),
(195, 'Que signifie \'DS\' ?', 72),
(196, 'Parmi ces personnages, lequel n\'a jamais fait une apparition (en étant jouable) dans un jeu avec Mario ?', 72),
(197, 'Quel était le premier nom de Mario ?', 72),
(198, 'Comment s\'écrit réellement \'Pokémon\' ?', 72),
(199, 'Parmi ces \'catégories\' de GameBoy, laquelle n\'existe pas ?', 72),
(200, 'Dans quel jeu retrouve-t-on un personnage appelé \'Le Lion Rouge\' ?', 72),
(201, 'Quelle est la ville natale de Sacha, dans Pokémon ?', 72),
(202, 'Parmi ces produits dérivés Nintendo, lequel n\'existe pas ?', 72),
(203, 'Lorsqu\'on allume une GameBoy (premier modèle) sans une cartouche de jeu insérée, que se passe-t-il ?', 72),
(204, 'Comment s\'appelle l\'accessoire qui permet de transformer la wiimote et le nunchuk de la Wii en un pistolet ?', 72),
(205, 'Comment s\'appelle le jeu offert pour l\'achat d\'une Wii ?', 72),
(206, 'Quels sont les prix (recommandés par Nintendo) respectifs d\'une wiimote et d\'un nunchuk ?', 72),
(207, 'Quels accessoires peut-on commander gratuitement depuis le site Wii.com ?', 72),
(208, 'Avec quel type de piles fonctionne la DS', 72),
(209, 'Quelles stars apparaissent dans les publicités européennes pour le jeu \'Programme d\'entraînement cérébral avancé du Dr Kawashima : Quel âge a votre cerveau ? \' ?', 72),
(210, 'Quelle est la particularité du jeu \'Mario & Sonic aux Jeux Olympiques\' ?', 72),
(211, 'Comment s\'appelle le frère de Mario, le célèbre héros de Nintendo ?', 75),
(212, 'De quel type d\'animal est Sonic, le célèbre héros de Sega ?', 75),
(213, 'Comment s\'appelle le puissant héros de la licence God Of War ?', 75),
(214, 'Sous quel nom est connu le héros de la licence Halo ?', 75),
(215, 'Quelle console a vu l\'arrivée de Resident Evil 4 en premier ?', 75),
(216, 'Quelle est la particularité de Kirby, la petite boule rose ?', 75),
(217, 'A quelle unité appartenait Solid Snake, héros de la saga Metal Gear Solid ?', 75),
(218, 'Quel joueur de football partage son nom avec un héros de la saga Final Fantasy ?\'', 75),
(219, 'Dans Mass Effect, comment s\'appelle le vaisseau sur lequel Shepard voyage à travers la galaxie ?', 75),
(220, 'Si on vous dit : Franklin, Trevor, Michael, vous nous dites...', 75),
(221, 'Quelle est cette publicité ?', 76),
(222, 'Quelle est cette publicité ?', 76),
(223, 'Quelle est cette publicité ?', 76),
(224, 'Quelle est cette publicité ?', 76),
(225, 'Quelle est cette publicité ?', 76),
(226, 'Quelle est cette publicité ?', 76),
(227, 'Quelle est cette publicité ?', 76),
(228, 'Quelle est cette publicité ?', 76),
(229, 'Quelle est cette publicité ?', 76),
(230, 'Quelle est cette publicité ?', 76),
(231, 'Quelle est cette publicité ?', 76),
(232, 'Quelle est cette publicité ?', 76),
(233, 'Quelle est cette publicité ?', 76),
(234, 'Quelle est cette publicité ?', 76),
(235, 'Quelle est cette publicité ?', 76),
(236, 'Quelle est cette publicité ?', 76),
(237, 'Quelle est cette publicité ?', 76),
(238, 'Quelle est cette publicité ?', 76),
(239, 'Quelle est cette publicité ?', 76),
(240, 'Quelle est cette publicité ?', 76),
(241, 'Qui prononce cette phrase dans le film Fight Club « Les choses que l’on possède finissent par nous posséder » ?', 4),
(242, 'Quel acteur tient le rôle de Christian dans le film Moulin Rouge ?', 4),
(243, 'Quelle actrice a obtenu la Palme de la meilleure actrice au Festival de Cannes 2014 ?', 4),
(244, 'À quel réalisateur doit-on le film « Maps to the Stars » ?', 4),
(245, 'Quel acteur français prononce cette phrase dans le film dans Astérix et Obélix : Mission Cléopâtre « Excusez-moi d’en faire un sac, mais je vais finir dans un crocodile peut-être ! »', 4),
(246, 'Dans la série des X-Men, quel acteur incarne Wolverine ?', 4),
(247, 'Quelle actrice est l’héroïne du film des frères Dardenne « Deux jours, une nuit » ?', 4),
(248, 'Qui a réalisé le film « Né un 4 juillet » ?', 4),
(249, 'Dans quel film de Tarantino entend-on cette réplique « C’est à une demi-heure d’ici. J’y suis dans dix minutes » ?', 4),
(250, 'Quelle actrice interprète Grace de Monaco dans le film éponyme d’Olivier Dahan ?', 4),
(251, 'Dans quel film retrouve-t-on les sœurs Lisbon ?', 4),
(252, 'Quel acteur de la Comédie française a réalisé le film « Les garçons et Guillaume, à table ! » ?', 4),
(253, 'Quel acteur joue un réparateur de drones dans le film « Oblivion » ?', 4),
(254, 'Dans quel film entend-on cette réplique « J’adore l’odeur du napalm au petit matin » ?', 4),
(255, 'Quelle actrice incarne Mary Jane Watson dans la trilogie Spider-Man ?', 4),
(256, 'Comment s\'appelle la petite souris, l\'ami de Dumbo ?', 69),
(257, 'Qui doit absolument rentrer avant minuit ?', 69),
(258, 'Qu\'utilisent Bernard et Bianca pour voyager sur le dos d\'Orville, l\'albatros ?', 69),
(259, 'Comment Merlin déménage-t\'il ses meubles ?', 69),
(260, 'Durant la journée, les 7 nains travaillent dans une mine...', 69),
(261, 'Quels animaux sont transformés par la fée pour servir d\'attelage à Cendrillon ?', 69),
(262, 'Qui apprend à Bambi à patiner ?', 69),
(263, 'Les petits chatons de Duchesse se prénomment Marie, Berlioz, et ...', 69),
(264, 'Comment Pinocchio et Gepetto font-ils éternuer la baleine qui les retient prisonniers ?', 69),
(265, 'Qui chante \'Il en faut peu pour être heureux, vraiment très peu pour être heureux...\' ?', 69),
(266, 'Dans la belle et la bête, quelle fleur ne doit pas faner ?', 69),
(267, 'Qui, dans les premiers dessins animés donnait sa voix à Mickey ?', 69),
(268, 'Comment les 101 dalmatiens changent-ils de race ?', 69),
(269, 'Dans quel véhicule Edgar enlève-t ‘il les chatons de Duchesse ?', 69),
(270, 'Quel métier exerce l\'ami de Mary Poppins ?', 69),
(271, 'Comment s\'appelle le petit singe d\'Aladdin ?', 69),
(272, 'Que prend Ursula, la sorcière de la mer à Ariel, la petite sirène ?', 69),
(273, 'Dans quoi Moustique se cache-t\'il pour échapper au brochet ?', 69),
(274, 'Qui fume sur un champignon devant Alice ?', 69),
(275, 'Qui chante Hakuna Matata ?', 69),
(276, 'Comment Mary Poppins et ses amis passent-ils de la vie réelle au pays imaginaire ?', 69),
(277, 'En quel animal est transformé Pinocchio ?', 69),
(278, 'Qui hypnotise Mowgli ?', 69),
(279, 'Dans l\'apprenti sorcier, quel objet aide Mickey à porter de l\'eau ?', 69),
(280, 'Qui est l\'espion aux pattes de velours ?', 69),
(281, 'Dans quel dessin animé des hippopotames dansent en tutu ?', 69),
(282, 'Comment s\'appelle la célèbre coccinelle ?', 69),
(283, 'Parmi ces noms, lequel ne fait pas partie des sept nains ?', 69),
(284, 'Comment s\'appelle le hibou de Merlin ?', 69),
(285, 'Qui interprète la chanson générique des Aristochats ?', 69),
(286, 'Qui, pour la version originale, donne sa voix au génie dans Aladdin ?', 69),
(287, 'Pourquoi Dumbo, lors de son premier envol, tient-il une plume ?', 69),
(288, 'Fleur, qui accompagne Bambi dans ses jeux est :', 69),
(289, 'Lequel de ces ustensiles n\'est pas utilisé dans le piège qui doit tuer Basil ?', 69),
(290, 'Figaro, la Fée Bleue, Cléo et Mr Stromboli sont des personnages de :', 69),
(291, 'Une fois la belle et tous les gens du château endormis, le mur d\'enceinte est entouré de :', 69),
(292, 'Quel est le numéro de la coccinelle ?', 69),
(293, 'Quelle profession exerce Basil ?', 69),
(294, 'Comment la fée Clochette fait-elle voler les amis de Peter Pan ?', 69),
(295, 'Quel titre donne la fée à Jiminy ?', 69),
(296, 'Le frère de Sasuke s\'appelle :', 11),
(297, 'Sasuke possède :', 11),
(298, 'Qui mord Sasuke dans le cou ?', 11),
(299, 'Quelle technique Kakashi apprend-t-il à Sasuke ?', 11),
(300, 'Pourquoi Sasuke veut-il tuer Naruto ?', 11),
(301, 'De quelle couleur est le Susanoo de Sasuke ?', 11),
(302, 'Avec qui Sasuke finit-il par se marier ?', 11),
(303, 'Contre qui Sasuke perd-il à l\'examen chunin ?', 11),
(304, 'Qui gagne lors du dernier combat Naruto/Sasuke ?', 11),
(305, 'Comment s\'appelle la fille de Sasuke et de Sakura ?', 11),
(306, 'Quel est le premier ninja que Sasuke a copié avec son Sharingan ?', 11),
(307, 'Qui a créé la technique interdite de La Réincarnation des Âmes (Edo Tensei) ?', 11),
(308, 'Combien de Sharigan Danzo possède-t-il au total ?', 11),
(309, 'Qui a été le premier membre de l\'Akatsuki à mourir ?', 11),
(310, 'Quand est-ce que Sasuke a réveillé son Mangekyô Sharingan ?', 11),
(311, 'Quel est le nom de ce Bijû ?', 11),
(312, 'Qui a été le dernier à rejoindre l\'Akatsuki ?', 11),
(313, 'Qui a combattu Pain pour protéger Naruto ?', 11),
(314, 'Qui a donné le nom ‘Konoha’ au Village Caché par les Feuilles d\'Arbres ?', 11),
(315, 'De combien de membres se compose le commando Ginyu (dans la saga Namek) ?', 12),
(316, 'Qui fut le premier maitre de Sangoku ?', 12),
(317, 'Dans Dragon Ball, qui tue Sangohan, le grand-père ?', 12),
(318, 'Quel est l\'intrus ?', 12),
(319, 'Dans Dragon Ball Z, lequel de ces personnages est le moins puissant ?', 12),
(320, 'À quel âge Sangohan rencontre-t-il Videl ?', 12),
(321, 'De combien d\'enfants Vegeta est-il le père à la fin de DBZ ? (cf. Le tome 42, dans les dernières pages ! )', 12),
(322, 'Quelle était la fonction du bâton magique de Sangoku avant de devenir une arme ?', 12),
(323, 'Dans le film Le retour de Broly, à quelle condition Trunks, Sangoten et Videl acceptent-ils de tuer le monstre qui persécute le village ?', 12),
(324, 'Qui fut le premier à tuer Sangoku ?', 12),
(325, 'Dans le film A la poursuite de Garlic, qui réussit à se débarrasser de Garlic et de quelle manière ?', 12),
(326, 'Quel est le nom du chien recueilli par Boo et Mr. Satan ?', 12),
(327, 'Qui a conçu la maquette du Shenron de la terre ?', 12),
(328, 'Quelle était la force de combat de Végéta lors de son premier combat avec Sangoku ?', 12),
(329, 'Et quelle était la force de combat de Sangoku ?', 12),
(330, 'Lorsque Trunks et Végéta s\'entraînent dans la salle de gravité de la capsule Corp, que promet Végéta à son fils si ce dernier parvient à le toucher lors d\'un combat d\'entraînement ?', 12),
(331, 'Quand Tenshinhan apparaît-il pour la dernière fois dans la série ?', 12),
(332, 'Après quel évènement Yamcha a-t-il une cicatrice au visage ?', 12),
(333, 'Parmi ces propositions, laquelle de ces techniques n\'a pas été utilisée par Tortue Géniale pour former Krilin et Sangoku ?', 12),
(334, 'Dans le film ‘Fusion’, de quelle galaxie est originaire Paikûhan ?', 12),
(335, 'Qui est l\'être humain le plus puissant de la saga ?', 12),
(336, 'Combien Sangoku a-t-il de frères ?', 12),
(337, 'De quelle planète est originaire Tapion ?', 12),
(338, 'Comment s\'appelle l\'acolyte de Bojack portant une épée ?', 12),
(339, 'Combien de fois Garlic apparaît-il dans la série ?', 12),
(340, 'Classez ces personnages par ordre d\'apparition dans la série.', 12),
(341, 'test Question', 1);

-- --------------------------------------------------------

--
-- Structure de la table `quiz`
--

CREATE TABLE `quiz` (
  `id` int(11) NOT NULL,
  `name` varchar(255) NOT NULL,
  `theme_id` int(11) NOT NULL
) ENGINE=InnoDB DEFAULT CHARSET=utf8 COLLATE=utf8_general_ci;

--
-- Déchargement des données de la table `quiz`
--

INSERT INTO `quiz` (`id`, `name`, `theme_id`) VALUES
(1, 'Harry Potter', 1),
(2, 'Star wars', 1),
(3, 'Le seigneur des anneaux', 1),
(4, 'Films', 1),
(5, 'Malcolm', 2),
(6, 'Kaamelott', 2),
(7, 'Game of thrones', 2),
(8, 'Séries', 2),
(9, 'Club dorothee', 3),
(10, 'One piece', 4),
(11, 'Naruto', 4),
(12, 'Dragon ball Z', 4),
(69, 'Disney', 3),
(70, 'Warner Bros', 3),
(71, 'Dessins Animés', 3),
(72, 'Nintendo', 5),
(73, 'Jeux rétro', 5),
(74, 'Jeux indépendants', 5),
(75, 'Jeux vidéo', 5),
(76, 'Culture pub', 6),
(77, 'Culture musicale', 6),
(78, 'Culture stars', 6),
(79, 'Culture', 6),
(81, 'test Quiz', 1);

-- --------------------------------------------------------

--
-- Structure de la table `themes`
--

CREATE TABLE `themes` (
  `id` int(11) NOT NULL,
  `name` varchar(255) NOT NULL
) ENGINE=InnoDB DEFAULT CHARSET=utf8 COLLATE=utf8_general_ci;

--
-- Déchargement des données de la table `themes`
--

INSERT INTO `themes` (`id`, `name`) VALUES
(1, 'Film'),
(2, 'Série'),
(3, 'Déssin animé'),
(4, 'Animé'),
(5, 'Jeu vidéo'),
(6, 'Culture');

-- --------------------------------------------------------

--
-- Structure de la table `users`
--

CREATE TABLE `users` (
  `id` int(11) NOT NULL,
  `userName` varchar(255) NOT NULL,
  `firstName` varchar(255) NOT NULL,
  `lastName` varchar(255) NOT NULL,
  `email` varchar(255) NOT NULL,
  `password` varchar(255) NOT NULL,
  `role` varchar(255) NOT NULL DEFAULT 'user',
  `created_at` datetime NOT NULL DEFAULT current_timestamp(),
  `score` int(11) NOT NULL DEFAULT 0
) ENGINE=InnoDB DEFAULT CHARSET=utf8 COLLATE=utf8_general_ci;

--
-- Déchargement des données de la table `users`
--

INSERT INTO `users` (`id`, `userName`, `firstName`, `lastName`, `email`, `password`, `role`, `created_at`, `score`) VALUES
(16, 'Alkimiste', 'PILENKO', 'Anthony', 'spirit.life@gmx.com', '*7B272372A6EE59392EA2FAAEB66D8968560807CB', 'Admin', '2023-02-13 11:55:00', 0),
(20, 'FroggIlyes', 'FELLOUS', 'Ilyes', 'Ilyes@gg.com', '$argon2i$v=19$m=65536,t=4,p=1$RU9ibWZSU2dhV2gvUVFwTw$L0TR+FonCA6bNpPDSSDp3ZUa7bO/XcLG2qAS0wfGUjM', 'Admin', '2023-02-15 09:58:12', 0),
(23, 'LucieFrog', 'CULIN', 'Lucie', 'test@exemple.com', '$argon2i$v=19$m=65536,t=4,p=1$MlZXZzhBQXdsVkZwVGRsOA$LgT38hZ/dkP4yDUczBPEFnC7MX9htPuTdWJTQJ3Vk10', 'Admin', '2023-02-15 10:45:03', 0);

--
-- Index pour les tables déchargées
--

--
-- Index pour la table `answer`
--
ALTER TABLE `answer`
  ADD PRIMARY KEY (`id`),
  ADD KEY `fk_answer_questions` (`question_id`);

--
-- Index pour la table `questions`
--
ALTER TABLE `questions`
  ADD PRIMARY KEY (`id`);

--
-- Index pour la table `quiz`
--
ALTER TABLE `quiz`
  ADD PRIMARY KEY (`id`),
  ADD KEY `fk_quiz_themes` (`theme_id`);

--
-- Index pour la table `themes`
--
ALTER TABLE `themes`
  ADD PRIMARY KEY (`id`);

--
-- Index pour la table `users`
--
ALTER TABLE `users`
  ADD PRIMARY KEY (`id`);

--
-- AUTO_INCREMENT pour les tables déchargées
--

--
-- AUTO_INCREMENT pour la table `answer`
--
ALTER TABLE `answer`
  MODIFY `id` int(11) NOT NULL AUTO_INCREMENT, AUTO_INCREMENT=1365;

--
-- AUTO_INCREMENT pour la table `questions`
--
ALTER TABLE `questions`
  MODIFY `id` int(11) NOT NULL AUTO_INCREMENT, AUTO_INCREMENT=342;

--
-- AUTO_INCREMENT pour la table `quiz`
--
ALTER TABLE `quiz`
  MODIFY `id` int(11) NOT NULL AUTO_INCREMENT, AUTO_INCREMENT=82;

--
-- AUTO_INCREMENT pour la table `themes`
--
ALTER TABLE `themes`
  MODIFY `id` int(11) NOT NULL AUTO_INCREMENT, AUTO_INCREMENT=40;

--
-- AUTO_INCREMENT pour la table `users`
--
ALTER TABLE `users`
  MODIFY `id` int(11) NOT NULL AUTO_INCREMENT, AUTO_INCREMENT=24;

--
-- Contraintes pour les tables déchargées
--

--
-- Contraintes pour la table `answer`
--
ALTER TABLE `answer`
  ADD CONSTRAINT `fk_answer_questions` FOREIGN KEY (`question_id`) REFERENCES `questions` (`id`);

--
-- Contraintes pour la table `quiz`
--
ALTER TABLE `quiz`
  ADD CONSTRAINT `fk_quiz_themes` FOREIGN KEY (`theme_id`) REFERENCES `themes` (`id`);
COMMIT;

/*!40101 SET CHARACTER_SET_CLIENT=@OLD_CHARACTER_SET_CLIENT */;
/*!40101 SET CHARACTER_SET_RESULTS=@OLD_CHARACTER_SET_RESULTS */;
/*!40101 SET COLLATION_CONNECTION=@OLD_COLLATION_CONNECTION */;
